-- --------------------------------------------------------
-- Host:                         127.0.0.1
-- Server version:               8.0.31 - MySQL Community Server - GPL
-- Server OS:                    Win64
-- HeidiSQL Version:             12.6.0.6765
-- --------------------------------------------------------

/*!40101 SET @OLD_CHARACTER_SET_CLIENT=@@CHARACTER_SET_CLIENT */;
/*!40101 SET NAMES utf8 */;
/*!50503 SET NAMES utf8mb4 */;
/*!40103 SET @OLD_TIME_ZONE=@@TIME_ZONE */;
/*!40103 SET TIME_ZONE='+00:00' */;
/*!40014 SET @OLD_FOREIGN_KEY_CHECKS=@@FOREIGN_KEY_CHECKS, FOREIGN_KEY_CHECKS=0 */;
/*!40101 SET @OLD_SQL_MODE=@@SQL_MODE, SQL_MODE='NO_AUTO_VALUE_ON_ZERO' */;
/*!40111 SET @OLD_SQL_NOTES=@@SQL_NOTES, SQL_NOTES=0 */;


-- Dumping database structure for shop
CREATE DATABASE IF NOT EXISTS `shop` /*!40100 DEFAULT CHARACTER SET utf8mb4 COLLATE utf8mb4_0900_ai_ci */ /*!80016 DEFAULT ENCRYPTION='N' */;
USE `shop`;

-- Dumping structure for table shop.apply_coupon
CREATE TABLE IF NOT EXISTS `apply_coupon` (
  `id` int NOT NULL AUTO_INCREMENT,
  `user_id` int NOT NULL DEFAULT '0',
  `coupon_id` int NOT NULL DEFAULT '0',
  PRIMARY KEY (`id`)
) ENGINE=MyISAM DEFAULT CHARSET=utf8mb4 COLLATE=utf8mb4_0900_ai_ci;

-- Dumping data for table shop.apply_coupon: 0 rows
DELETE FROM `apply_coupon`;
/*!40000 ALTER TABLE `apply_coupon` DISABLE KEYS */;
/*!40000 ALTER TABLE `apply_coupon` ENABLE KEYS */;

-- Dumping structure for table shop.banner
CREATE TABLE IF NOT EXISTS `banner` (
  `id` int NOT NULL AUTO_INCREMENT,
  `title` varchar(255) DEFAULT NULL,
  `event` varchar(255) DEFAULT NULL,
  `background` varchar(255) DEFAULT NULL,
  `starting_at` int DEFAULT '0',
  `created_at` timestamp NULL DEFAULT NULL,
  `updated_at` timestamp NULL DEFAULT NULL ON UPDATE CURRENT_TIMESTAMP,
  PRIMARY KEY (`id`)
) ENGINE=MyISAM AUTO_INCREMENT=10 DEFAULT CHARSET=utf8mb4 COLLATE=utf8mb4_0900_ai_ci;

-- Dumping data for table shop.banner: 9 rows
DELETE FROM `banner`;
/*!40000 ALTER TABLE `banner` DISABLE KEYS */;
INSERT INTO `banner` (`id`, `title`, `event`, `background`, `starting_at`, `created_at`, `updated_at`) VALUES
	(1, 'Giảm giá cực sốc trong sự kiện Black Friday', 'Black Friday', '1.jpg', 1000000, '2023-12-11 15:02:53', '2023-12-11 15:06:18'),
	(2, 'Giảm giá cuối tuần sả hàng khủng', '-10% Off', '2.jpg', 2000000, '2023-12-11 15:02:53', '2023-12-11 15:17:02'),
	(3, 'Giảm giá cuối năm sả hàng tồn kho siêu khủng', '-99% Off', '3.jpg', 500000, '2023-12-11 15:02:53', '2023-12-11 15:17:57'),
	(4, 'Giảm giá cuối tháng sả hàng tồn kho siêu khủng', '-30% Off', '4.jpg', 900000, '2023-12-11 15:02:53', '2023-12-11 15:18:10'),
	(5, 'Giảm giá cực sốc trong sự kiện Black Friday', '-10% Off', '5.jpg', 1500000, '2023-12-11 15:02:53', '2023-12-11 15:18:39'),
	(6, 'Giảm giá cuối tuần sả hàng khủng', '-10% Off', '6.jpg', 1000000, '2023-12-11 15:02:53', '2023-12-11 15:18:37'),
	(7, 'Giảm giá cuối tuần sả hàng khủng', '-30% Off', '7.jpg', 6490000, '2023-12-11 15:02:53', '2023-12-11 15:18:42'),
	(8, 'Giảm giá cuối năm sả hàng tồn kho siêu khủng', '79% Off', '8.jpg', 999000, '2023-12-11 15:02:53', '2023-12-11 15:18:34'),
	(9, 'Giảm giá cuối tuần sả hàng khủng', '-30% Off', '9.jpg', 700000, '2023-12-11 15:02:53', '2023-12-11 15:18:43');
/*!40000 ALTER TABLE `banner` ENABLE KEYS */;

-- Dumping structure for table shop.cart
CREATE TABLE IF NOT EXISTS `cart` (
  `id` int NOT NULL AUTO_INCREMENT,
  `title` varchar(255) DEFAULT NULL,
  `product_id` int DEFAULT NULL,
  `user_id` int DEFAULT NULL,
  `size_id` tinyint DEFAULT NULL,
  `color_id` tinyint DEFAULT NULL,
  `discount_percent` tinyint DEFAULT '0',
  `images` varchar(255) DEFAULT NULL,
  `price` int DEFAULT '0',
  `total` int DEFAULT '0',
  `quantity` int DEFAULT '0',
  `created_at` timestamp NULL DEFAULT NULL,
  `updated_at` timestamp NULL DEFAULT NULL ON UPDATE CURRENT_TIMESTAMP,
  PRIMARY KEY (`id`)
) ENGINE=MyISAM AUTO_INCREMENT=7 DEFAULT CHARSET=utf8mb4 COLLATE=utf8mb4_0900_ai_ci;

-- Dumping data for table shop.cart: 1 rows
DELETE FROM `cart`;
/*!40000 ALTER TABLE `cart` DISABLE KEYS */;
INSERT INTO `cart` (`id`, `title`, `product_id`, `user_id`, `size_id`, `color_id`, `discount_percent`, `images`, `price`, `total`, `quantity`, `created_at`, `updated_at`) VALUES
	(6, 'Motorola Edge+', 25, 1, 1, 10, 0, 'iphone_banner_9.webp', 49000000, 49000000, 1, NULL, NULL),
	(5, 'BlackBerry Key2', 30, 1, 1, 3, 7, 'iphone_banner_2.webp', 9000000, 8370000, 1, NULL, NULL);
/*!40000 ALTER TABLE `cart` ENABLE KEYS */;

-- Dumping structure for table shop.categories
CREATE TABLE IF NOT EXISTS `categories` (
  `id` int NOT NULL AUTO_INCREMENT,
  `parent_id` int NOT NULL DEFAULT '0',
  `name` varchar(255) DEFAULT NULL,
  `banner_image` varchar(255) CHARACTER SET utf8mb4 COLLATE utf8mb4_0900_ai_ci DEFAULT NULL,
  `created_at` timestamp NULL DEFAULT NULL,
  `updated_at` timestamp NULL DEFAULT NULL ON UPDATE CURRENT_TIMESTAMP,
  PRIMARY KEY (`id`)
) ENGINE=MyISAM AUTO_INCREMENT=218 DEFAULT CHARSET=utf8mb4 COLLATE=utf8mb4_0900_ai_ci;

-- Dumping data for table shop.categories: 217 rows
DELETE FROM `categories`;
/*!40000 ALTER TABLE `categories` DISABLE KEYS */;
INSERT INTO `categories` (`id`, `parent_id`, `name`, `banner_image`, `created_at`, `updated_at`) VALUES
	(1, 0, 'Laptops', './Public/images/banner/1_1.jpg', '2023-12-11 12:08:50', '2023-12-26 16:39:18'),
	(2, 1, 'Laptop theo thương hiệu', NULL, '2023-12-11 12:16:35', '2023-12-11 12:16:36'),
	(3, 2, 'Apple (Macbook)', NULL, '2023-12-11 12:16:36', '2023-12-11 12:16:36'),
	(4, 2, 'Acer', NULL, '2023-12-11 12:16:36', '2023-12-11 12:16:37'),
	(5, 2, 'ASUS', NULL, '2023-12-11 12:16:37', '2023-12-11 12:17:06'),
	(6, 2, 'Dell', NULL, '2023-12-11 12:16:37', '2023-12-11 12:17:06'),
	(7, 2, 'HP', NULL, '2023-12-11 12:16:37', '2023-12-11 12:17:06'),
	(8, 2, 'Lenovo', NULL, '2023-12-11 12:16:37', '2023-12-11 12:17:06'),
	(9, 2, 'LG', NULL, '2023-12-11 12:16:37', '2023-12-11 12:17:06'),
	(10, 1, 'Laptop theo cấu hình', NULL, '2023-12-11 12:19:27', '2023-12-11 12:19:28'),
	(11, 10, 'RTX 30 Series', NULL, '2023-12-11 12:19:27', '2023-12-11 12:19:27'),
	(12, 10, 'RTX 40 Series', NULL, '2023-12-11 12:19:27', '2023-12-11 12:19:27'),
	(13, 10, 'RTX 50 Series', NULL, '2023-12-11 12:19:27', '2023-12-20 06:17:45'),
	(14, 10, 'Intel Pentium/Celeron', NULL, '2023-12-11 12:19:27', '2023-12-11 12:20:33'),
	(15, 10, 'Intel Core i3', NULL, '2023-12-11 12:19:27', '2023-12-11 12:20:51'),
	(16, 10, 'Intel Core i5', NULL, '2023-12-11 12:19:27', '2023-12-11 12:20:51'),
	(17, 10, 'Intel Core i7', NULL, '2023-12-11 12:19:27', '2023-12-11 12:20:51'),
	(18, 10, 'Intel Core i9', NULL, '2023-12-11 12:19:27', '2023-12-11 12:20:51'),
	(19, 10, 'AMD Ryzen3', NULL, '2023-12-11 12:19:27', '2023-12-11 12:20:51'),
	(20, 1, 'Laptop theo kích thước', NULL, '2023-12-11 12:19:27', '2023-12-11 12:22:16'),
	(21, 20, 'Dưới 13inch', NULL, '2023-12-11 12:19:27', '2023-12-11 12:22:41'),
	(22, 20, '13-15 inch', NULL, '2023-12-11 12:19:27', '2023-12-11 12:23:24'),
	(23, 20, 'Trên 15 inch', NULL, '2023-12-11 12:19:27', '2023-12-11 12:23:31'),
	(24, 20, '13 inch', NULL, '2023-12-11 12:19:27', '2023-12-11 12:23:31'),
	(25, 20, '14 inch', NULL, '2023-12-11 12:19:27', '2023-12-11 12:23:31'),
	(26, 20, '15.6 inch', NULL, '2023-12-11 12:19:27', '2023-12-11 12:23:31'),
	(27, 20, '16 inch', NULL, '2023-12-11 12:19:27', '2023-12-11 12:23:31'),
	(28, 20, '17 inch', NULL, '2023-12-11 12:19:27', '2023-12-11 12:23:31'),
	(29, 1, 'Laptop theo nhu cầu', NULL, '2023-12-11 12:19:27', '2023-12-11 12:23:31'),
	(30, 29, 'Laptop sinh viên', NULL, '2023-12-11 12:19:27', '2023-12-11 12:25:16'),
	(31, 29, 'Laptop Gaming', NULL, '2023-12-11 12:19:27', '2023-12-11 12:25:16'),
	(32, 29, 'Laptop Văn phòng', NULL, '2023-12-11 12:19:27', '2023-12-11 12:25:16'),
	(33, 29, 'Laptop cảm ứng', NULL, '2023-12-11 12:19:27', '2023-12-11 12:25:16'),
	(34, 29, 'Laptop đồ họa', NULL, '2023-12-11 12:19:27', '2023-12-11 12:25:16'),
	(35, 29, 'Laptop mỏng nhẹ', NULL, '2023-12-11 12:19:27', '2023-12-11 12:25:16'),
	(36, 0, 'PC - Màn hình máy tính', './Public/images/banner/1_2.jpg', '2023-12-11 12:19:27', '2023-12-26 16:39:37'),
	(37, 36, 'Theo thương hiệu', NULL, '2023-12-11 12:19:27', '2023-12-11 12:25:16'),
	(38, 37, 'Acer', NULL, '2023-12-11 12:19:27', '2023-12-13 02:43:15'),
	(39, 37, 'ASUS', NULL, '2023-12-11 12:19:27', '2023-12-13 02:43:24'),
	(40, 37, 'Dell', NULL, '2023-12-11 12:19:27', '2023-12-13 02:43:24'),
	(41, 37, 'HP', NULL, '2023-12-11 12:19:27', '2023-12-13 02:43:24'),
	(42, 37, 'Lenovo', NULL, '2023-12-11 12:19:27', '2023-12-13 02:43:24'),
	(43, 37, 'LG', NULL, '2023-12-11 12:19:27', '2023-12-13 02:43:24'),
	(44, 36, 'Tần số quét', NULL, '2023-12-11 12:19:27', '2023-12-13 02:43:24'),
	(45, 44, '60hz', NULL, '2023-12-11 12:19:27', '2023-12-13 02:43:24'),
	(46, 44, '75hz', NULL, '2023-12-11 12:19:27', '2023-12-13 02:43:24'),
	(47, 44, '100hz', NULL, '2023-12-11 12:19:27', '2023-12-13 02:43:24'),
	(48, 44, '144hz', NULL, '2023-12-11 12:19:27', '2023-12-13 02:43:24'),
	(49, 44, '165hz', NULL, '2023-12-11 12:19:27', '2023-12-13 02:43:24'),
	(50, 44, '170hz', NULL, '2023-12-11 12:19:27', '2023-12-13 02:43:24'),
	(51, 44, '204hz', NULL, '2023-12-11 12:19:27', '2023-12-13 02:43:24'),
	(52, 36, 'Theo giá', NULL, '2023-12-11 12:19:27', '2023-12-13 02:43:24'),
	(53, 52, 'Dưới 3tr', NULL, '2023-12-11 12:19:27', '2023-12-13 02:46:27'),
	(54, 52, '3 đến 5 triệu', NULL, '2023-12-11 12:19:27', '2023-12-13 02:46:27'),
	(55, 52, '5 đến 10 triệu', NULL, '2023-12-11 12:19:27', '2023-12-13 02:46:27'),
	(56, 52, '10 đến 15 triệu', NULL, '2023-12-11 12:19:27', '2023-12-13 02:46:27'),
	(57, 52, '15 đến 20 triệu', NULL, '2023-12-11 12:19:27', '2023-12-13 02:46:27'),
	(58, 52, 'Trên 20 triệu', NULL, '2023-12-11 12:19:27', '2023-12-13 02:46:27'),
	(59, 36, 'Theo nhu cầu', NULL, '2023-12-11 12:19:27', '2023-12-13 02:46:27'),
	(60, 59, 'Màn hình gaming', NULL, '2023-12-11 12:19:27', '2023-12-13 02:48:18'),
	(61, 59, 'Màn hình thiết kế', NULL, '2023-12-11 12:19:27', '2023-12-13 02:48:18'),
	(62, 59, 'Màn hình cong ', NULL, '2023-12-11 12:19:27', '2023-12-13 02:48:18'),
	(63, 59, 'Màn hình văn phòng', NULL, '2023-12-11 12:19:27', '2023-12-13 02:48:18'),
	(64, 36, 'Độ phân giải', NULL, '2023-12-11 12:19:27', '2023-12-13 02:49:19'),
	(65, 64, 'Hd 720p', NULL, '2023-12-11 12:19:27', '2023-12-13 02:49:19'),
	(66, 64, 'Full hd 1080p', NULL, '2023-12-11 12:19:27', '2023-12-13 02:49:19'),
	(67, 64, '2k - QHD', NULL, '2023-12-11 12:19:27', '2023-12-13 02:49:19'),
	(68, 64, '4k - UHD', NULL, '2023-12-11 12:19:27', '2023-12-13 02:49:19'),
	(69, 0, 'Điện thoại & phụ kiện', './Public/images/banner/1_3.jpg', '2023-12-11 12:19:27', '2023-12-26 16:39:44'),
	(70, 69, 'Điện thoại', NULL, '2023-12-11 12:19:27', '2023-12-13 02:49:19'),
	(71, 70, 'Iphone', NULL, '2023-12-11 12:19:27', '2023-12-13 02:49:19'),
	(72, 70, 'Samsung', NULL, '2023-12-11 12:19:27', '2023-12-13 02:49:19'),
	(73, 70, 'Asus', NULL, '2023-12-11 12:19:27', '2023-12-13 02:49:19'),
	(74, 70, 'Xaomi', NULL, '2023-12-11 12:19:27', '2023-12-13 02:49:19'),
	(75, 70, 'Nubia', NULL, '2023-12-26 15:11:11', '2023-12-26 15:11:12'),
	(76, 69, 'Máy tính bảng', NULL, '2023-12-26 15:11:28', '2023-12-26 15:11:29'),
	(77, 76, 'Apple', NULL, '2023-12-26 15:11:28', '2023-12-26 15:11:29'),
	(78, 76, 'Samsung', NULL, '2023-12-26 15:11:28', '2023-12-26 15:11:29'),
	(79, 76, 'Xaomi', NULL, '2023-12-26 15:11:28', '2023-12-26 15:11:29'),
	(80, 76, 'Lenovo', NULL, '2023-12-26 15:11:28', '2023-12-26 15:11:29'),
	(81, 76, 'Oppo', NULL, '2023-12-26 15:11:28', '2023-12-26 15:11:29'),
	(82, 69, 'Đồng hồ thông minh', NULL, '2023-12-26 15:13:41', '2023-12-26 15:13:42'),
	(83, 82, 'Apple', NULL, '2023-12-26 15:13:41', '2023-12-26 15:14:37'),
	(84, 82, 'Samsung', NULL, '2023-12-26 15:13:41', '2023-12-26 15:14:39'),
	(85, 82, 'Garmin', NULL, '2023-12-26 15:13:41', '2023-12-26 15:14:41'),
	(86, 82, 'Fitbit', NULL, '2023-12-26 15:13:41', '2023-12-26 15:14:41'),
	(87, 82, 'Xaomi', NULL, '2023-12-26 15:13:41', '2023-12-26 15:14:41'),
	(88, 0, 'Thiết bị âm thanh', './Public/images/banner/1_4.jpg', '2023-12-26 15:16:11', '2023-12-26 16:39:54'),
	(89, 88, 'Tai nghe', NULL, '2023-12-26 15:16:11', '2023-12-26 15:16:44'),
	(90, 89, 'Apple', NULL, '2023-12-26 15:16:11', '2023-12-26 15:17:25'),
	(91, 89, 'Sony', NULL, '2023-12-26 15:16:11', '2023-12-26 15:17:38'),
	(92, 89, 'Asus', NULL, '2023-12-26 15:16:11', '2023-12-26 15:17:50'),
	(93, 89, 'Xaomi', NULL, '2023-12-26 15:16:11', '2023-12-26 15:18:07'),
	(94, 89, 'Razer', NULL, '2023-12-26 15:16:11', '2023-12-26 15:18:13'),
	(95, 88, 'Loa nghe nhạc', NULL, '2023-12-26 15:18:38', '2023-12-26 15:18:39'),
	(96, 95, 'Bose', NULL, '2023-12-26 15:18:38', '2023-12-26 15:18:39'),
	(97, 95, 'LG', NULL, '2023-12-26 15:18:38', '2023-12-26 15:18:39'),
	(98, 95, 'Sony', NULL, '2023-12-26 15:18:38', '2023-12-26 15:18:39'),
	(99, 95, 'Microlab', NULL, '2023-12-26 15:18:38', '2023-12-26 15:20:02'),
	(100, 95, 'Remax', NULL, '2023-12-26 15:18:38', '2023-12-26 15:20:02'),
	(101, 88, 'MicroPhone', NULL, '2023-12-26 15:20:46', '2023-12-26 15:20:47'),
	(102, 101, 'Boya', NULL, '2023-12-26 15:20:46', '2023-12-26 15:20:47'),
	(103, 101, 'Senic', NULL, '2023-12-26 15:20:46', '2023-12-26 15:20:47'),
	(104, 101, 'Razer', NULL, '2023-12-26 15:20:46', '2023-12-26 15:20:47'),
	(105, 101, 'Saler', NULL, '2023-12-26 15:20:46', '2023-12-26 15:20:47'),
	(106, 101, 'Akg', NULL, '2023-12-26 15:20:46', '2023-12-26 15:20:47'),
	(107, 88, 'Loại tai nghe', NULL, '2023-12-26 15:22:27', '2023-12-26 15:22:28'),
	(108, 107, 'Tai nghe blutooth', NULL, '2023-12-26 15:22:27', '2023-12-26 15:22:28'),
	(109, 107, 'Tai nghe không dây', NULL, '2023-12-26 15:22:27', '2023-12-26 15:22:28'),
	(110, 107, 'Tai nghe gaming', NULL, '2023-12-26 15:22:27', '2023-12-26 15:22:28'),
	(111, 107, 'Tai nghe có dây', NULL, '2023-12-26 15:22:27', '2023-12-26 15:22:28'),
	(112, 88, 'Các loại loa', NULL, '2023-12-26 15:24:06', '2023-12-26 15:24:07'),
	(113, 112, 'Loa vi tính', NULL, '2023-12-26 15:24:06', '2023-12-26 15:24:07'),
	(114, 112, 'Loa kéo', NULL, '2023-12-26 15:24:06', '2023-12-26 15:24:07'),
	(115, 112, 'Loa blutooth', NULL, '2023-12-26 15:24:06', '2023-12-26 15:24:07'),
	(116, 112, 'Loa mini', NULL, '2023-12-26 15:24:06', '2023-12-26 15:24:07'),
	(117, 0, 'Phụ kiện', './Public/images/banner/1_5.jpg', '2023-12-26 15:26:12', '2023-12-26 16:40:04'),
	(118, 117, 'Phụ kiện laptop', NULL, '2023-12-26 15:26:12', '2023-12-26 15:27:13'),
	(119, 118, 'Giá đở', NULL, '2023-12-26 15:26:12', '2023-12-26 15:27:27'),
	(120, 118, 'Đế tản nhiệt', NULL, '2023-12-26 15:26:12', '2023-12-26 15:38:02'),
	(121, 118, 'Balo túi chống sốc', NULL, '2023-12-26 15:26:12', '2023-12-26 15:38:09'),
	(122, 118, 'Ốp lưng', NULL, '2023-12-26 15:26:12', '2023-12-26 15:38:13'),
	(123, 118, 'Dán màn hình', NULL, '2023-12-26 15:26:12', '2023-12-26 15:38:15'),
	(124, 118, 'Miếng lót bàn phím', NULL, '2023-12-26 15:26:12', '2023-12-26 15:38:22'),
	(125, 117, 'Linh kiện laptop', NULL, '2023-12-26 15:26:12', '2023-12-26 15:39:50'),
	(126, 125, 'Bàn phím laptop', NULL, '2023-12-26 15:26:12', '2023-12-26 15:39:52'),
	(127, 125, 'Sạc laptop', NULL, '2023-12-26 15:26:12', '2023-12-26 15:39:55'),
	(128, 125, 'Pin laptop', NULL, '2023-12-26 15:26:12', '2023-12-26 15:39:58'),
	(129, 125, 'Ram laptop', NULL, '2023-12-26 15:26:12', '2023-12-26 15:40:03'),
	(130, 125, 'Bộ cấp nguồn', NULL, '2023-12-26 15:26:12', '2023-12-26 15:40:15'),
	(131, 125, 'LCD laptop', NULL, '2023-12-26 15:26:12', '2023-12-26 15:40:28'),
	(132, 117, 'Phụ kiện di động', NULL, '2023-12-26 15:26:12', '2023-12-26 15:40:42'),
	(133, 132, 'Bao da -Ốp lưng', NULL, '2023-12-26 15:26:12', '2023-12-26 15:40:45'),
	(134, 132, 'Pin sạc dự phòng', NULL, '2023-12-26 15:26:12', '2023-12-26 15:41:14'),
	(135, 132, 'Cáp sạc', NULL, '2023-12-26 15:26:12', '2023-12-26 15:41:16'),
	(136, 132, 'Cục sạc', NULL, '2023-12-26 15:26:12', '2023-12-26 15:41:19'),
	(137, 132, 'Giá đở', NULL, '2023-12-26 15:26:12', '2023-12-26 15:41:22'),
	(138, 132, 'Thẻ cào', NULL, '2023-12-26 15:26:12', '2023-12-26 15:41:26'),
	(139, 0, 'Game & Stream', './Public/images/banner/1_1.jpg', '2023-12-26 15:26:12', '2023-12-26 16:41:54'),
	(140, 139, 'Màn hình gaming', NULL, '2023-12-26 15:26:12', '2023-12-26 15:42:12'),
	(141, 140, 'LG', NULL, '2023-12-26 15:26:12', '2023-12-26 15:42:32'),
	(142, 140, 'HP', NULL, '2023-12-26 15:26:12', '2023-12-26 15:42:34'),
	(143, 140, 'Dell', NULL, '2023-12-26 15:26:12', '2023-12-26 15:42:38'),
	(144, 140, 'Asus', NULL, '2023-12-26 15:26:12', '2023-12-26 15:42:38'),
	(145, 140, 'Samsung', NULL, '2023-12-26 15:26:12', '2023-12-26 15:42:38'),
	(146, 139, 'Chuột gaming', NULL, '2023-12-26 15:26:12', '2023-12-26 15:43:27'),
	(147, 146, 'Logistech', NULL, '2023-12-26 15:26:12', '2023-12-26 15:44:04'),
	(148, 146, 'Asus', NULL, '2023-12-26 15:26:12', '2023-12-26 15:44:08'),
	(149, 146, 'Razer', NULL, '2023-12-26 15:26:12', '2023-12-26 15:44:18'),
	(150, 146, 'Zowie', NULL, '2023-12-26 15:26:12', '2023-12-26 15:44:37'),
	(151, 146, 'Akko', NULL, '2023-12-26 15:26:12', '2023-12-26 15:45:25'),
	(152, 139, 'Bàn phím gaming', NULL, '2023-12-26 15:26:12', '2023-12-26 15:45:25'),
	(153, 152, 'Asus', NULL, '2023-12-26 15:26:12', '2023-12-26 15:46:19'),
	(154, 152, 'Logistech', NULL, '2023-12-26 15:26:12', '2023-12-26 15:46:28'),
	(155, 152, 'Razer', NULL, '2023-12-26 15:26:12', '2023-12-26 15:46:36'),
	(156, 152, 'Akko', NULL, '2023-12-26 15:26:12', '2023-12-26 15:46:50'),
	(157, 152, 'Zowie', NULL, '2023-12-26 15:26:12', '2023-12-26 15:46:52'),
	(158, 0, 'Thiết bị văn phòng', './Public/images/banner/1_2.jpg', '2023-12-26 15:26:12', '2023-12-26 16:42:03'),
	(159, 158, 'Thiết bị văn phòng', NULL, '2023-12-26 15:26:12', '2023-12-26 15:46:52'),
	(160, 159, 'Mực in & giấy in', NULL, '2023-12-26 15:26:12', '2023-12-26 15:48:40'),
	(161, 159, 'Mực in laser', NULL, '2023-12-26 15:26:12', '2023-12-26 15:49:09'),
	(162, 159, 'Mực in phun ', NULL, '2023-12-26 15:26:12', '2023-12-26 15:49:17'),
	(163, 159, 'Mực in máy Fax', NULL, '2023-12-26 15:26:12', '2023-12-26 15:49:32'),
	(164, 159, 'Drum', NULL, '2023-12-26 15:26:12', '2023-12-26 15:49:36'),
	(165, 159, 'Giấy in', NULL, '2023-12-26 15:26:12', '2023-12-26 15:49:36'),
	(166, 158, 'Thiết bị an ninh', NULL, '2023-12-26 15:26:12', '2023-12-26 15:49:36'),
	(167, 166, 'Xiaomi', NULL, '2023-12-26 15:26:12', '2023-12-26 15:49:36'),
	(168, 166, 'Camera an ninh', NULL, '2023-12-26 15:26:12', '2023-12-26 15:50:59'),
	(169, 166, 'Camera wifi', NULL, '2023-12-26 15:26:12', '2023-12-26 15:51:08'),
	(170, 166, 'Đầu ghi hình', NULL, '2023-12-26 15:26:12', '2023-12-26 15:51:20'),
	(171, 166, 'Ezviz', NULL, '2023-12-26 15:26:12', '2023-12-26 15:51:46'),
	(172, 166, 'Questek', NULL, '2023-12-26 15:26:12', '2023-12-26 15:52:19'),
	(173, 158, 'Thiết bị mạng', NULL, '2023-12-26 15:26:12', '2023-12-26 15:52:19'),
	(174, 173, 'TP-link', NULL, '2023-12-26 15:26:12', '2023-12-26 15:52:19'),
	(175, 173, 'Tenda', NULL, '2023-12-26 15:26:12', '2023-12-26 15:54:10'),
	(176, 173, 'Cisco', NULL, '2023-12-26 15:26:12', '2023-12-26 15:54:20'),
	(177, 173, 'Router wifi', NULL, '2023-12-26 15:26:12', '2023-12-26 15:54:39'),
	(178, 173, 'USB wifi', NULL, '2023-12-26 15:26:12', '2023-12-26 15:54:51'),
	(179, 173, 'Card mạng', NULL, '2023-12-26 15:26:12', '2023-12-26 15:54:56'),
	(180, 0, 'Gaming', './Public/images/banner/1_3.jpg', '2023-12-26 15:55:46', '2023-12-26 16:42:14'),
	(181, 180, 'Laptop gaming', NULL, '2023-12-26 15:55:46', '2023-12-26 15:55:46'),
	(182, 181, 'Asus', NULL, '2023-12-26 15:55:46', '2023-12-26 15:56:44'),
	(183, 181, 'Dell', NULL, '2023-12-26 15:55:46', '2023-12-26 15:57:17'),
	(184, 181, 'HP', NULL, '2023-12-26 15:55:46', '2023-12-26 15:57:21'),
	(185, 181, 'Acer', NULL, '2023-12-26 15:55:46', '2023-12-26 15:57:25'),
	(186, 181, 'Lenovo', NULL, '2023-12-26 15:55:46', '2023-12-26 15:57:27'),
	(187, 180, 'Ghế gaming', NULL, '2023-12-26 15:55:46', '2023-12-26 15:57:27'),
	(188, 187, 'Corsair', NULL, '2023-12-26 15:55:46', '2023-12-26 15:57:27'),
	(189, 187, 'DXRacer', NULL, '2023-12-26 15:55:46', '2023-12-26 15:58:57'),
	(190, 187, 'E-Dra', NULL, '2023-12-26 15:55:46', '2023-12-26 15:59:12'),
	(191, 187, 'MSI', NULL, '2023-12-26 15:55:46', '2023-12-26 15:59:23'),
	(192, 187, 'Warrior', NULL, '2023-12-26 15:55:46', '2023-12-26 15:59:35'),
	(193, 180, 'Thiết bị livestream', NULL, '2023-12-26 15:55:46', '2023-12-26 15:59:35'),
	(194, 193, 'Capture Card', NULL, '2023-12-26 15:55:46', '2023-12-26 15:59:35'),
	(195, 193, 'Webcam', NULL, '2023-12-26 15:55:46', '2023-12-26 16:01:26'),
	(196, 193, 'Micro', NULL, '2023-12-26 15:55:46', '2023-12-26 16:01:30'),
	(197, 193, 'Stream Deck', NULL, '2023-12-26 15:55:46', '2023-12-26 16:01:30'),
	(198, 193, 'Key light', NULL, '2023-12-26 15:55:46', '2023-12-26 16:01:30'),
	(199, 0, 'PC - Linh kiện máy tính', './Public/images/banner/1_4.jpg', '2023-12-26 16:30:29', '2023-12-26 16:42:33'),
	(200, 199, 'Case - Thùng máy tính', NULL, '2023-12-26 16:30:29', '2023-12-26 16:30:30'),
	(201, 200, 'Deepcool', NULL, '2023-12-26 16:30:29', '2023-12-26 16:30:30'),
	(202, 200, 'Phong vũ', NULL, '2023-12-26 16:30:29', '2023-12-26 16:30:30'),
	(203, 200, 'Cooler master', NULL, '2023-12-26 16:30:29', '2023-12-26 16:30:30'),
	(204, 200, 'Asus', NULL, '2023-12-26 16:30:29', '2023-12-26 16:30:30'),
	(205, 200, 'Sama', NULL, '2023-12-26 16:30:29', '2023-12-26 16:30:30'),
	(206, 199, 'Ổ cứng', NULL, '2023-12-26 16:30:29', '2023-12-26 16:30:30'),
	(207, 206, 'Ổ HDD', NULL, '2023-12-26 16:30:29', '2023-12-26 16:30:30'),
	(208, 206, 'Ổ SSH', NULL, '2023-12-26 16:30:29', '2023-12-26 16:30:30'),
	(209, 206, 'Ổ cứng di động', NULL, '2023-12-26 16:30:29', '2023-12-26 16:30:30'),
	(210, 206, 'Intel', NULL, '2023-12-26 16:30:29', '2023-12-26 16:30:30'),
	(211, 206, 'Seagrate', NULL, '2023-12-26 16:30:29', '2023-12-26 16:30:30'),
	(212, 199, 'CPU - Bộ vi sử lý', NULL, '2023-12-26 16:30:29', '2023-12-26 16:35:48'),
	(213, 212, 'Pentium', NULL, '2023-12-26 16:30:29', '2023-12-26 16:35:48'),
	(214, 212, 'Core i3', NULL, '2023-12-26 16:30:29', '2023-12-26 16:35:48'),
	(215, 212, 'Core i5', NULL, '2023-12-26 16:30:29', '2023-12-26 16:36:37'),
	(216, 212, 'Core i7', NULL, '2023-12-26 16:30:29', '2023-12-26 16:36:37'),
	(217, 212, 'Core i9', NULL, '2023-12-26 16:30:29', '2023-12-26 16:36:37');
/*!40000 ALTER TABLE `categories` ENABLE KEYS */;

-- Dumping structure for table shop.color
CREATE TABLE IF NOT EXISTS `color` (
  `id` int NOT NULL AUTO_INCREMENT,
  `name` varchar(255) CHARACTER SET utf8mb4 COLLATE utf8mb4_0900_ai_ci DEFAULT NULL,
  `created_at` timestamp NULL DEFAULT NULL,
  `updated_at` timestamp NULL DEFAULT NULL ON UPDATE CURRENT_TIMESTAMP,
  PRIMARY KEY (`id`)
) ENGINE=MyISAM AUTO_INCREMENT=11 DEFAULT CHARSET=utf8mb4 COLLATE=utf8mb4_0900_ai_ci;

-- Dumping data for table shop.color: 10 rows
DELETE FROM `color`;
/*!40000 ALTER TABLE `color` DISABLE KEYS */;
INSERT INTO `color` (`id`, `name`, `created_at`, `updated_at`) VALUES
	(1, 'No Color', '2023-12-12 09:52:37', '2024-01-07 07:05:10'),
	(2, 'Đen', '2023-12-12 09:52:38', '2023-12-12 09:52:38'),
	(3, 'Hồng', '2023-12-12 09:52:38', '2023-12-12 09:52:39'),
	(4, 'Xanh dương', '2023-12-12 09:52:39', '2023-12-12 09:52:39'),
	(5, 'Xanh lá', '2023-12-12 09:52:39', '2023-12-12 09:52:40'),
	(6, 'Vàng', '2023-12-12 09:52:40', '2023-12-12 09:52:40'),
	(7, 'Cam', '2023-12-12 09:52:41', '2023-12-12 09:52:41'),
	(8, 'Tím', '2023-12-12 09:52:41', '2023-12-12 09:52:41'),
	(9, 'Đỏ', '2023-12-12 09:52:42', '2023-12-12 09:52:42'),
	(10, 'Trắng', '2023-12-12 09:52:42', '2023-12-12 09:52:42');
/*!40000 ALTER TABLE `color` ENABLE KEYS */;

-- Dumping structure for table shop.comments
CREATE TABLE IF NOT EXISTS `comments` (
  `id` int NOT NULL AUTO_INCREMENT,
  `comment` text,
  `comment_id` int DEFAULT '0',
  `user_id` int DEFAULT '0',
  `product_id` int DEFAULT '0',
  `rating` smallint DEFAULT NULL,
  `created_at` timestamp NULL DEFAULT NULL,
  `updated_at` timestamp NULL DEFAULT NULL ON UPDATE CURRENT_TIMESTAMP,
  PRIMARY KEY (`id`)
) ENGINE=MyISAM AUTO_INCREMENT=8 DEFAULT CHARSET=utf8mb4 COLLATE=utf8mb4_0900_ai_ci;

-- Dumping data for table shop.comments: 6 rows
DELETE FROM `comments`;
/*!40000 ALTER TABLE `comments` DISABLE KEYS */;
INSERT INTO `comments` (`id`, `comment`, `comment_id`, `user_id`, `product_id`, `rating`, `created_at`, `updated_at`) VALUES
	(1, 'sản phẩm đẹp', 0, 1, 4, 5, '2024-01-03 20:11:20', '2024-01-03 20:11:20'),
	(2, '@Lê Huy Hiệu không đẹp', 1, 2, 4, 0, '2024-01-03 20:12:36', '2024-01-03 20:12:36'),
	(3, 'Sản phẩm xấu', 0, 2, 4, 1, '2024-01-03 20:12:56', '2024-01-03 20:12:56'),
	(4, 'sản phẩm đẹp', 0, 1, 45, 5, '2024-01-04 23:53:37', '2024-01-04 23:53:37'),
	(5, '@Lê Huy Hiệu Không đẹp lắm', 4, 2, 45, 0, '2024-01-04 23:54:27', '2024-01-04 23:54:27'),
	(6, 'Sản phẩm cũng oke', 0, 2, 45, 4, '2024-01-04 23:54:50', '2024-01-04 23:54:50'),
	(7, 'cũng bình thường\nnhưng gói hàng oke', 0, 1, 4, 4, '2024-01-09 05:45:10', '2024-01-09 05:45:10');
/*!40000 ALTER TABLE `comments` ENABLE KEYS */;

-- Dumping structure for table shop.coupon_code
CREATE TABLE IF NOT EXISTS `coupon_code` (
  `id` int NOT NULL AUTO_INCREMENT,
  `code` varchar(255) DEFAULT NULL,
  `percent` tinyint DEFAULT '0',
  `quantity` int DEFAULT '0',
  `expiration_date` date DEFAULT NULL,
  `created_at` timestamp NULL DEFAULT NULL,
  `updated_at` timestamp NULL DEFAULT NULL ON UPDATE CURRENT_TIMESTAMP,
  PRIMARY KEY (`id`)
) ENGINE=MyISAM AUTO_INCREMENT=6 DEFAULT CHARSET=utf8mb4 COLLATE=utf8mb4_0900_ai_ci;

-- Dumping data for table shop.coupon_code: 0 rows
DELETE FROM `coupon_code`;
/*!40000 ALTER TABLE `coupon_code` DISABLE KEYS */;
INSERT INTO `coupon_code` (`id`, `code`, `percent`, `quantity`, `expiration_date`, `created_at`, `updated_at`) VALUES
	(1, '2b312f4faa523', 99, 10, '2025-10-09', '2024-01-09 15:18:00', '2024-01-09 15:22:40'),
	(2, '6d9c4491ad19b', 50, 15, '2025-10-09', '2024-01-09 15:18:00', '2024-01-09 15:22:45'),
	(3, '5a0d16f0c83c2', 20, 15, '2025-10-09', '2024-01-09 15:18:00', '2024-01-09 15:22:48'),
	(4, '1a0d1ef0c93c2', 10, 15, '2025-10-09', '2024-01-09 15:18:00', '2024-01-09 15:22:50'),
	(5, '9d9c4511ad17b', 5, 15, '2025-10-09', '2024-01-09 15:18:00', '2024-01-09 15:22:52');
/*!40000 ALTER TABLE `coupon_code` ENABLE KEYS */;

-- Dumping structure for table shop.detail_product
CREATE TABLE IF NOT EXISTS `detail_product` (
  `id` int NOT NULL AUTO_INCREMENT,
  `product_id` int NOT NULL DEFAULT '0',
  `color_id` int NOT NULL DEFAULT '1',
  `size_id` int NOT NULL DEFAULT '1',
  `price` int NOT NULL DEFAULT '0',
  `quantity` int NOT NULL DEFAULT '0',
  `image_product` varchar(255) DEFAULT NULL,
  `created_at` timestamp NULL DEFAULT NULL,
  `updated_at` timestamp NULL DEFAULT NULL,
  PRIMARY KEY (`id`),
  KEY `color_id` (`color_id`),
  KEY `product_id` (`product_id`)
) ENGINE=MyISAM AUTO_INCREMENT=322 DEFAULT CHARSET=utf8mb4 COLLATE=utf8mb4_0900_ai_ci;

-- Dumping data for table shop.detail_product: 321 rows
DELETE FROM `detail_product`;
/*!40000 ALTER TABLE `detail_product` DISABLE KEYS */;
INSERT INTO `detail_product` (`id`, `product_id`, `color_id`, `size_id`, `price`, `quantity`, `image_product`, `created_at`, `updated_at`) VALUES
	(1, 1, 2, 1, 8000000, 200, 'mac_banner_1.webp', '2024-01-07 07:09:06', '2024-01-07 07:09:07'),
	(2, 1, 3, 1, 9000000, 200, 'mac_banner_2.webp', '2024-01-07 07:09:06', '2024-01-07 07:09:07'),
	(3, 1, 4, 1, 10000000, 200, 'mac_banner_3.webp', '2024-01-07 07:09:06', '2024-01-07 07:09:07'),
	(4, 2, 5, 1, 11000000, 200, 'mac_banner_4.webp', '2024-01-07 07:09:06', '2024-01-07 07:09:07'),
	(5, 2, 6, 1, 12000000, 200, 'mac_banner_1.webp', '2024-01-07 07:09:06', '2024-01-07 07:09:07'),
	(6, 2, 7, 1, 13000000, 200, 'mac_banner_2.webp', '2024-01-07 07:09:06', '2024-01-07 07:09:07'),
	(7, 3, 8, 1, 16000000, 200, 'mac_banner_3.webp', '2024-01-07 07:09:06', '2024-01-07 07:09:07'),
	(8, 3, 9, 1, 30000000, 200, 'mac_banner_4.webp', '2024-01-07 07:09:06', '2024-01-07 07:09:07'),
	(9, 3, 10, 1, 35000000, 200, 'mac_banner_1.webp', '2024-01-07 07:09:06', '2024-01-07 07:09:07'),
	(10, 4, 2, 1, 35000000, 200, 'mac_banner_2.webp', '2024-01-07 07:09:06', '2024-01-07 07:09:07'),
	(11, 4, 3, 1, 35000000, 200, 'mac_banner_3.webp', '2024-01-07 07:09:06', '2024-01-07 07:09:07'),
	(12, 4, 4, 1, 35000000, 200, 'mac_banner_4.webp', '2024-01-07 07:09:06', '2024-01-07 07:09:07'),
	(13, 5, 5, 1, 20000000, 200, 'mac_banner_3.webp', '2024-01-07 07:09:06', '2024-01-07 07:09:07'),
	(14, 5, 6, 1, 22000000, 200, 'mac_banner_2.webp', '2024-01-07 07:09:06', '2024-01-07 07:09:07'),
	(15, 5, 7, 1, 21000000, 200, 'mac_banner_1.webp', '2024-01-07 07:09:06', '2024-01-07 07:09:07'),
	(16, 6, 7, 1, 25000000, 200, 'mac_banner_1.webp', '2024-01-07 07:09:06', '2024-01-07 07:09:07'),
	(17, 6, 8, 1, 29900000, 200, 'mac_banner_2.webp', '2024-01-07 07:09:06', '2024-01-07 07:09:07'),
	(18, 6, 9, 1, 20000000, 200, 'mac_banner_3.webp', '2024-01-07 07:09:06', '2024-01-07 07:09:07'),
	(19, 7, 10, 1, 49000000, 200, 'mac_banner_4.webp', '2024-01-07 07:09:06', '2024-01-07 07:09:07'),
	(20, 7, 9, 1, 25000000, 200, 'mac_banner_3.webp', '2024-01-07 07:09:06', '2024-01-07 07:09:07'),
	(21, 7, 8, 1, 24000000, 200, 'mac_banner_2.webp', '2024-01-07 07:09:06', '2024-01-07 07:09:07'),
	(22, 8, 2, 1, 69000000, 200, 'mac_banner_2.webp', '2024-01-07 07:09:06', '2024-01-07 07:09:07'),
	(23, 8, 2, 1, 79000000, 200, 'mac_banner_1.webp', '2024-01-07 07:09:06', '2024-01-07 07:09:07'),
	(24, 8, 3, 1, 59000000, 200, 'mac_banner_3.webp', '2024-01-07 07:09:06', '2024-01-07 07:09:07'),
	(25, 9, 4, 1, 24000000, 200, 'mac_banner_4.webp', '2024-01-07 07:09:06', '2024-01-07 07:09:07'),
	(26, 9, 5, 1, 25000000, 200, 'mac_banner_1.webp', '2024-01-07 07:09:06', '2024-01-07 07:09:07'),
	(27, 9, 6, 1, 22000000, 200, 'mac_banner_2.webp', '2024-01-07 07:09:06', '2024-01-07 07:09:07'),
	(28, 10, 2, 1, 8000000, 200, 'mac_banner_1.webp', '2024-01-07 07:09:06', '2024-01-07 07:09:07'),
	(29, 10, 3, 1, 9000000, 200, 'mac_banner_2.webp', '2024-01-07 07:09:06', '2024-01-07 07:09:07'),
	(30, 10, 4, 1, 10000000, 200, 'mac_banner_3.webp', '2024-01-07 07:09:06', '2024-01-07 07:09:07'),
	(31, 11, 5, 1, 11000000, 200, 'mac_banner_4.webp', '2024-01-07 07:09:06', '2024-01-07 07:09:07'),
	(32, 11, 6, 1, 12000000, 200, 'mac_banner_1.webp', '2024-01-07 07:09:06', '2024-01-07 07:09:07'),
	(33, 11, 7, 1, 13000000, 200, 'mac_banner_2.webp', '2024-01-07 07:09:06', '2024-01-07 07:09:07'),
	(34, 12, 8, 1, 16000000, 200, 'mac_banner_3.webp', '2024-01-07 07:09:06', '2024-01-07 07:09:07'),
	(35, 12, 9, 1, 30000000, 200, 'mac_banner_4.webp', '2024-01-07 07:09:06', '2024-01-07 07:09:07'),
	(36, 12, 10, 1, 35000000, 200, 'mac_banner_1.webp', '2024-01-07 07:09:06', '2024-01-07 07:09:07'),
	(37, 13, 2, 1, 35000000, 200, 'mac_banner_2.webp', '2024-01-07 07:09:06', '2024-01-07 07:09:07'),
	(38, 13, 3, 1, 35000000, 200, 'mac_banner_3.webp', '2024-01-07 07:09:06', '2024-01-07 07:09:07'),
	(39, 13, 4, 1, 35000000, 200, 'mac_banner_4.webp', '2024-01-07 07:09:06', '2024-01-07 07:09:07'),
	(40, 14, 5, 1, 20000000, 200, 'mac_banner_3.webp', '2024-01-07 07:09:06', '2024-01-07 07:09:07'),
	(41, 14, 6, 1, 22000000, 200, 'mac_banner_2.webp', '2024-01-07 07:09:06', '2024-01-07 07:09:07'),
	(42, 14, 7, 1, 21000000, 200, 'mac_banner_1.webp', '2024-01-07 07:09:06', '2024-01-07 07:09:07'),
	(43, 15, 7, 1, 25000000, 200, 'mac_banner_1.webp', '2024-01-07 07:09:06', '2024-01-07 07:09:07'),
	(44, 15, 8, 1, 29900000, 200, 'mac_banner_2.webp', '2024-01-07 07:09:06', '2024-01-07 07:09:07'),
	(45, 15, 9, 1, 20000000, 200, 'mac_banner_3.webp', '2024-01-07 07:09:06', '2024-01-07 07:09:07'),
	(46, 16, 10, 1, 49000000, 200, 'mac_banner_4.webp', '2024-01-07 07:09:06', '2024-01-07 07:09:07'),
	(47, 16, 9, 1, 25000000, 200, 'mac_banner_3.webp', '2024-01-07 07:09:06', '2024-01-07 07:09:07'),
	(48, 16, 8, 1, 24000000, 200, 'mac_banner_2.webp', '2024-01-07 07:09:06', '2024-01-07 07:09:07'),
	(49, 17, 2, 1, 69000000, 200, 'mac_banner_2.webp', '2024-01-07 07:09:06', '2024-01-07 07:09:07'),
	(50, 17, 2, 1, 79000000, 200, 'mac_banner_1.webp', '2024-01-07 07:09:06', '2024-01-07 07:09:07'),
	(51, 17, 3, 1, 59000000, 200, 'mac_banner_3.webp', '2024-01-07 07:09:06', '2024-01-07 07:09:07'),
	(52, 18, 4, 1, 24000000, 200, 'mac_banner_4.webp', '2024-01-07 07:09:06', '2024-01-07 07:09:07'),
	(53, 18, 5, 1, 25000000, 200, 'mac_banner_1.webp', '2024-01-07 07:09:06', '2024-01-07 07:09:07'),
	(54, 18, 6, 1, 22000000, 200, 'mac_banner_2.webp', '2024-01-07 07:09:06', '2024-01-07 07:09:07'),
	(55, 19, 2, 1, 8000000, 200, 'iphone_banner_1.webp', '2024-01-07 07:09:06', '2024-01-07 07:09:07'),
	(56, 19, 3, 1, 9000000, 200, 'iphone_banner_2.webp', '2024-01-07 07:09:06', '2024-01-07 07:09:07'),
	(57, 19, 4, 1, 10000000, 200, 'iphone_banner_3.webp', '2024-01-07 07:09:06', '2024-01-07 07:09:07'),
	(58, 20, 5, 1, 11000000, 200, 'iphone_banner_4.webp', '2024-01-07 07:09:06', '2024-01-07 07:09:07'),
	(59, 20, 6, 1, 12000000, 200, 'iphone_banner_5.webp', '2024-01-07 07:09:06', '2024-01-07 07:09:07'),
	(60, 20, 7, 1, 13000000, 200, 'iphone_banner_6.webp', '2024-01-07 07:09:06', '2024-01-07 07:09:07'),
	(61, 21, 8, 1, 16000000, 200, 'iphone_banner_7.webp', '2024-01-07 07:09:06', '2024-01-07 07:09:07'),
	(62, 21, 9, 1, 30000000, 200, 'iphone_banner_8.webp', '2024-01-07 07:09:06', '2024-01-07 07:09:07'),
	(63, 21, 10, 1, 35000000, 200, 'iphone_banner_9.webp', '2024-01-07 07:09:06', '2024-01-07 07:09:07'),
	(64, 22, 2, 1, 35000000, 200, 'iphone_banner_10.webp', '2024-01-07 07:09:06', '2024-01-07 07:09:07'),
	(65, 22, 3, 1, 35000000, 200, 'iphone_banner_1.webp', '2024-01-07 07:09:06', '2024-01-07 07:09:07'),
	(66, 22, 4, 1, 35000000, 200, 'iphone_banner_2.webp', '2024-01-07 07:09:06', '2024-01-07 07:09:07'),
	(67, 23, 5, 1, 20000000, 200, 'iphone_banner_3.webp', '2024-01-07 07:09:06', '2024-01-07 07:09:07'),
	(68, 23, 6, 1, 22000000, 200, 'iphone_banner_4.webp', '2024-01-07 07:09:06', '2024-01-07 07:09:07'),
	(69, 23, 7, 1, 21000000, 200, 'iphone_banner_5.webp', '2024-01-07 07:09:06', '2024-01-07 07:09:07'),
	(70, 24, 7, 1, 25000000, 200, 'iphone_banner_6.webp', '2024-01-07 07:09:06', '2024-01-07 07:09:07'),
	(71, 24, 8, 1, 29900000, 200, 'iphone_banner_7.webp', '2024-01-07 07:09:06', '2024-01-07 07:09:07'),
	(72, 24, 9, 1, 20000000, 200, 'iphone_banner_8.webp', '2024-01-07 07:09:06', '2024-01-07 07:09:07'),
	(73, 25, 10, 1, 49000000, 200, 'iphone_banner_9.webp', '2024-01-07 07:09:06', '2024-01-07 07:09:07'),
	(74, 25, 9, 1, 25000000, 200, 'iphone_banner_10.webp', '2024-01-07 07:09:06', '2024-01-07 07:09:07'),
	(75, 25, 8, 1, 24000000, 200, 'iphone_banner_1.webp', '2024-01-07 07:09:06', '2024-01-07 07:09:07'),
	(76, 26, 2, 1, 69000000, 200, 'iphone_banner_2.webp', '2024-01-07 07:09:06', '2024-01-07 07:09:07'),
	(77, 26, 2, 1, 79000000, 200, 'iphone_banner_3.webp', '2024-01-07 07:09:06', '2024-01-07 07:09:07'),
	(78, 26, 3, 1, 59000000, 200, 'iphone_banner_4.webp', '2024-01-07 07:09:06', '2024-01-07 07:09:07'),
	(79, 27, 4, 1, 24000000, 200, 'iphone_banner_5.webp', '2024-01-07 07:09:06', '2024-01-07 07:09:07'),
	(80, 27, 5, 1, 25000000, 200, 'iphone_banner_6.webp', '2024-01-07 07:09:06', '2024-01-07 07:09:07'),
	(81, 27, 6, 1, 22000000, 200, 'iphone_banner_7.webp', '2024-01-07 07:09:06', '2024-01-07 07:09:07'),
	(82, 28, 2, 1, 8000000, 200, 'iphone_banner_8.webp', '2024-01-07 07:09:06', '2024-01-07 07:09:07'),
	(83, 28, 3, 1, 9000000, 200, 'iphone_banner_9.webp', '2024-01-07 07:09:06', '2024-01-07 07:09:07'),
	(84, 28, 4, 1, 10000000, 200, 'iphone_banner_10.webp', '2024-01-07 07:09:06', '2024-01-07 07:09:07'),
	(85, 29, 5, 1, 11000000, 200, 'iphone_banner_1.webp', '2024-01-07 07:09:06', '2024-01-07 07:09:07'),
	(86, 29, 6, 1, 12000000, 200, 'iphone_banner_2.webp', '2024-01-07 07:09:06', '2024-01-07 07:09:07'),
	(87, 29, 7, 1, 13000000, 200, 'mac_banner_3.webp', '2024-01-07 07:09:06', '2024-01-07 07:09:07'),
	(88, 30, 2, 1, 8000000, 200, 'iphone_banner_1.webp', '2024-01-07 07:09:06', '2024-01-07 07:09:07'),
	(89, 30, 3, 1, 9000000, 200, 'iphone_banner_2.webp', '2024-01-07 07:09:06', '2024-01-07 07:09:07'),
	(90, 30, 4, 1, 10000000, 200, 'iphone_banner_3.webp', '2024-01-07 07:09:06', '2024-01-07 07:09:07'),
	(91, 31, 5, 1, 11000000, 200, 'iphone_banner_4.webp', '2024-01-07 07:09:06', '2024-01-07 07:09:07'),
	(92, 31, 6, 1, 12000000, 200, 'iphone_banner_5.webp', '2024-01-07 07:09:06', '2024-01-07 07:09:07'),
	(93, 31, 7, 1, 13000000, 200, 'iphone_banner_6.webp', '2024-01-07 07:09:06', '2024-01-07 07:09:07'),
	(94, 32, 8, 1, 16000000, 200, 'iphone_banner_7.webp', '2024-01-07 07:09:06', '2024-01-07 07:09:07'),
	(95, 32, 9, 1, 30000000, 200, 'iphone_banner_8.webp', '2024-01-07 07:09:06', '2024-01-07 07:09:07'),
	(96, 32, 10, 1, 35000000, 200, 'iphone_banner_9.webp', '2024-01-07 07:09:06', '2024-01-07 07:09:07'),
	(97, 33, 2, 1, 35000000, 200, 'iphone_banner_10.webp', '2024-01-07 07:09:06', '2024-01-07 07:09:07'),
	(98, 33, 3, 1, 35000000, 200, 'iphone_banner_1.webp', '2024-01-07 07:09:06', '2024-01-07 07:09:07'),
	(99, 33, 4, 1, 35000000, 200, 'iphone_banner_2.webp', '2024-01-07 07:09:06', '2024-01-07 07:09:07'),
	(100, 34, 5, 1, 20000000, 200, 'iphone_banner_3.webp', '2024-01-07 07:09:06', '2024-01-07 07:09:07'),
	(101, 34, 6, 1, 22000000, 200, 'iphone_banner_4.webp', '2024-01-07 07:09:06', '2024-01-07 07:09:07'),
	(102, 34, 7, 1, 21000000, 200, 'iphone_banner_5.webp', '2024-01-07 07:09:06', '2024-01-07 07:09:07'),
	(103, 35, 7, 1, 25000000, 200, 'iphone_banner_6.webp', '2024-01-07 07:09:06', '2024-01-07 07:09:07'),
	(104, 35, 8, 1, 29900000, 200, 'iphone_banner_7.webp', '2024-01-07 07:09:06', '2024-01-07 07:09:07'),
	(105, 35, 9, 1, 20000000, 200, 'iphone_banner_8.webp', '2024-01-07 07:09:06', '2024-01-07 07:09:07'),
	(106, 36, 10, 1, 49000000, 200, 'iphone_banner_9.webp', '2024-01-07 07:09:06', '2024-01-07 07:09:07'),
	(107, 36, 9, 1, 25000000, 200, 'iphone_banner_10.webp', '2024-01-07 07:09:06', '2024-01-07 07:09:07'),
	(108, 36, 8, 1, 24000000, 200, 'iphone_banner_1.webp', '2024-01-07 07:09:06', '2024-01-07 07:09:07'),
	(109, 37, 2, 1, 69000000, 200, 'iphone_banner_2.webp', '2024-01-07 07:09:06', '2024-01-07 07:09:07'),
	(110, 37, 2, 1, 79000000, 200, 'iphone_banner_3.webp', '2024-01-07 07:09:06', '2024-01-07 07:09:07'),
	(111, 37, 3, 1, 59000000, 200, 'iphone_banner_4.webp', '2024-01-07 07:09:06', '2024-01-07 07:09:07'),
	(112, 38, 4, 1, 24000000, 200, 'iphone_banner_5.webp', '2024-01-07 07:09:06', '2024-01-07 07:09:07'),
	(113, 38, 5, 1, 25000000, 200, 'iphone_banner_6.webp', '2024-01-07 07:09:06', '2024-01-07 07:09:07'),
	(114, 38, 6, 1, 22000000, 200, 'iphone_banner_7.webp', '2024-01-07 07:09:06', '2024-01-07 07:09:07'),
	(115, 39, 2, 1, 8000000, 200, 'iphone_banner_8.webp', '2024-01-07 07:09:06', '2024-01-07 07:09:07'),
	(116, 39, 3, 1, 9000000, 200, 'iphone_banner_9.webp', '2024-01-07 07:09:06', '2024-01-07 07:09:07'),
	(117, 39, 4, 1, 10000000, 200, 'iphone_banner_10.webp', '2024-01-07 07:09:06', '2024-01-07 07:09:07'),
	(118, 40, 5, 1, 11000000, 200, 'iphone_banner_1.webp', '2024-01-07 07:09:06', '2024-01-07 07:09:07'),
	(119, 40, 6, 1, 12000000, 200, 'iphone_banner_2.webp', '2024-01-07 07:09:06', '2024-01-07 07:09:07'),
	(120, 40, 7, 1, 13000000, 200, 'iphone_banner_3.webp', '2024-01-07 07:09:06', '2024-01-07 07:09:07'),
	(121, 41, 7, 1, 13000000, 200, 'loa_banner_1.webp', '2024-01-07 07:09:06', '2024-01-07 07:09:07'),
	(122, 41, 8, 1, 13000000, 200, 'loa_banner_2.webp', '2024-01-07 07:09:06', '2024-01-07 07:09:07'),
	(123, 41, 9, 1, 20000000, 200, 'loa_banner_3.webp', '2024-01-07 07:09:06', '2024-01-07 07:09:07'),
	(124, 42, 10, 1, 49000000, 200, 'loa_banner_4.webp', '2024-01-07 07:09:06', '2024-01-07 07:09:07'),
	(125, 42, 9, 1, 25000000, 200, 'loa_banner_5.webp', '2024-01-07 07:09:06', '2024-01-07 07:09:07'),
	(126, 42, 8, 1, 24000000, 200, 'loa_banner_6.webp', '2024-01-07 07:09:06', '2024-01-07 07:09:07'),
	(127, 43, 2, 1, 69000000, 200, 'loa_banner_7.webp', '2024-01-07 07:09:06', '2024-01-07 07:09:07'),
	(128, 43, 2, 1, 79000000, 200, 'loa_banner_8.webp', '2024-01-07 07:09:06', '2024-01-07 07:09:07'),
	(129, 43, 3, 1, 59000000, 200, 'loa_banner_1.webp', '2024-01-07 07:09:06', '2024-01-07 07:09:07'),
	(130, 44, 4, 1, 24000000, 200, 'loa_banner_2.webp', '2024-01-07 07:09:06', '2024-01-07 07:09:07'),
	(131, 44, 5, 1, 25000000, 200, 'loa_banner_3.webp', '2024-01-07 07:09:06', '2024-01-07 07:09:07'),
	(132, 44, 6, 1, 22000000, 200, 'loa_banner_4.webp', '2024-01-07 07:09:06', '2024-01-07 07:09:07'),
	(133, 45, 2, 1, 8000000, 200, 'loa_banner_5.webp', '2024-01-07 07:09:06', '2024-01-07 07:09:07'),
	(134, 45, 3, 1, 9000000, 200, 'loa_banner_6.webp', '2024-01-07 07:09:06', '2024-01-07 07:09:07'),
	(135, 45, 4, 1, 10000000, 200, 'loa_banner_7.webp', '2024-01-07 07:09:06', '2024-01-07 07:09:07'),
	(136, 46, 5, 1, 11000000, 200, 'loa_banner_8.webp', '2024-01-07 07:09:06', '2024-01-07 07:09:07'),
	(137, 46, 6, 1, 12000000, 200, 'loa_banner_1.webp', '2024-01-07 07:09:06', '2024-01-07 07:09:07'),
	(138, 46, 7, 1, 13000000, 200, 'loa_banner_2.webp', '2024-01-07 07:09:06', '2024-01-07 07:09:07'),
	(139, 47, 7, 1, 13000000, 200, 'loa_banner_3.webp', '2024-01-07 07:09:06', '2024-01-07 07:09:07'),
	(140, 47, 8, 1, 13000000, 200, 'loa_banner_4.webp', '2024-01-07 07:09:06', '2024-01-07 07:09:07'),
	(141, 47, 9, 1, 13000000, 200, 'loa_banner_5.webp', '2024-01-07 07:09:06', '2024-01-07 07:09:07'),
	(142, 48, 2, 1, 8000000, 200, 'loa_banner_5.webp', '2024-01-07 07:09:06', '2024-01-07 07:09:07'),
	(143, 48, 3, 1, 9000000, 200, 'loa_banner_6.webp', '2024-01-07 07:09:06', '2024-01-07 07:09:07'),
	(144, 48, 4, 1, 10000000, 200, 'loa_banner_7.webp', '2024-01-07 07:09:06', '2024-01-07 07:09:07'),
	(145, 49, 5, 1, 11000000, 200, 'loa_banner_8.webp', '2024-01-07 07:09:06', '2024-01-07 07:09:07'),
	(146, 49, 6, 1, 12000000, 200, 'loa_banner_1.webp', '2024-01-07 07:09:06', '2024-01-07 07:09:07'),
	(147, 49, 7, 1, 13000000, 200, 'loa_banner_2.webp', '2024-01-07 07:09:06', '2024-01-07 07:09:07'),
	(148, 50, 7, 1, 13000000, 200, 'loa_banner_3.webp', '2024-01-07 07:09:06', '2024-01-07 07:09:07'),
	(149, 50, 8, 1, 13000000, 200, 'loa_banner_4.webp', '2024-01-07 07:09:06', '2024-01-07 07:09:07'),
	(150, 50, 9, 1, 13000000, 200, 'loa_banner_5.webp', '2024-01-07 07:09:06', '2024-01-07 07:09:07'),
	(151, 51, 7, 1, 13000000, 200, 'loa_banner_1.webp', '2024-01-07 07:09:06', '2024-01-07 07:09:07'),
	(152, 51, 8, 1, 13000000, 200, 'loa_banner_2.webp', '2024-01-07 07:09:06', '2024-01-07 07:09:07'),
	(153, 51, 9, 1, 20000000, 200, 'loa_banner_3.webp', '2024-01-07 07:09:06', '2024-01-07 07:09:07'),
	(154, 52, 10, 1, 49000000, 200, 'loa_banner_4.webp', '2024-01-07 07:09:06', '2024-01-07 07:09:07'),
	(155, 52, 9, 1, 25000000, 200, 'loa_banner_5.webp', '2024-01-07 07:09:06', '2024-01-07 07:09:07'),
	(156, 52, 8, 1, 24000000, 200, 'loa_banner_6.webp', '2024-01-07 07:09:06', '2024-01-07 07:09:07'),
	(157, 53, 2, 1, 69000000, 200, 'loa_banner_7.webp', '2024-01-07 07:09:06', '2024-01-07 07:09:07'),
	(158, 53, 2, 1, 79000000, 200, 'loa_banner_8.webp', '2024-01-07 07:09:06', '2024-01-07 07:09:07'),
	(159, 53, 3, 1, 59000000, 200, 'loa_banner_1.webp', '2024-01-07 07:09:06', '2024-01-07 07:09:07'),
	(160, 54, 4, 1, 24000000, 200, 'loa_banner_2.webp', '2024-01-07 07:09:06', '2024-01-07 07:09:07'),
	(161, 54, 5, 1, 25000000, 200, 'loa_banner_3.webp', '2024-01-07 07:09:06', '2024-01-07 07:09:07'),
	(162, 54, 6, 1, 22000000, 200, 'loa_banner_4.webp', '2024-01-07 07:09:06', '2024-01-07 07:09:07'),
	(163, 55, 2, 1, 8000000, 200, 'loa_banner_5.webp', '2024-01-07 07:09:06', '2024-01-07 07:09:07'),
	(164, 55, 3, 1, 9000000, 200, 'loa_banner_6.webp', '2024-01-07 07:09:06', '2024-01-07 07:09:07'),
	(165, 55, 4, 1, 10000000, 200, 'loa_banner_7.webp', '2024-01-07 07:09:06', '2024-01-07 07:09:07'),
	(166, 56, 5, 1, 11000000, 200, 'loa_banner_8.webp', '2024-01-07 07:09:06', '2024-01-07 07:09:07'),
	(167, 56, 6, 1, 12000000, 200, 'loa_banner_1.webp', '2024-01-07 07:09:06', '2024-01-07 07:09:07'),
	(168, 56, 7, 1, 13000000, 200, 'loa_banner_2.webp', '2024-01-07 07:09:06', '2024-01-07 07:09:07'),
	(169, 57, 7, 1, 13000000, 200, 'loa_banner_3.webp', '2024-01-07 07:09:06', '2024-01-07 07:09:07'),
	(170, 57, 8, 1, 13000000, 200, 'loa_banner_4.webp', '2024-01-07 07:09:06', '2024-01-07 07:09:07'),
	(171, 57, 9, 1, 13000000, 200, 'loa_banner_5.webp', '2024-01-07 07:09:06', '2024-01-07 07:09:07'),
	(172, 58, 2, 1, 8000000, 200, 'loa_banner_5.webp', '2024-01-07 07:09:06', '2024-01-07 07:09:07'),
	(173, 58, 3, 1, 9000000, 200, 'loa_banner_6.webp', '2024-01-07 07:09:06', '2024-01-07 07:09:07'),
	(174, 58, 4, 1, 10000000, 200, 'loa_banner_7.webp', '2024-01-07 07:09:06', '2024-01-07 07:09:07'),
	(175, 59, 5, 1, 11000000, 200, 'loa_banner_8.webp', '2024-01-07 07:09:06', '2024-01-07 07:09:07'),
	(176, 59, 6, 1, 12000000, 200, 'loa_banner_1.webp', '2024-01-07 07:09:06', '2024-01-07 07:09:07'),
	(177, 59, 7, 1, 13000000, 200, 'loa_banner_2.webp', '2024-01-07 07:09:06', '2024-01-07 07:09:07'),
	(178, 60, 7, 1, 13000000, 200, 'loa_banner_3.webp', '2024-01-07 07:09:06', '2024-01-07 07:09:07'),
	(179, 60, 8, 1, 13000000, 200, 'loa_banner_4.webp', '2024-01-07 07:09:06', '2024-01-07 07:09:07'),
	(180, 60, 9, 1, 13000000, 200, 'loa_banner_5.webp', '2024-01-07 07:09:06', '2024-01-07 07:09:07'),
	(181, 61, 2, 2, 100000, 200, 'op_banner_1.webp', '2024-01-07 07:09:06', '2024-01-07 07:09:07'),
	(182, 61, 2, 3, 110000, 200, 'op_banner_1.webp', '2024-01-07 07:09:06', '2024-01-07 07:09:07'),
	(183, 61, 2, 4, 120000, 200, 'op_banner_1.webp', '2024-01-07 07:09:06', '2024-01-07 07:09:07'),
	(184, 61, 3, 2, 100000, 200, 'op_banner_2.webp', '2024-01-07 07:09:06', '2024-01-07 07:09:07'),
	(185, 61, 3, 3, 150000, 200, 'op_banner_2.webp', '2024-01-07 07:09:06', '2024-01-07 07:09:07'),
	(186, 61, 4, 2, 160000, 200, 'op_banner_3.webp', '2024-01-07 07:09:06', '2024-01-07 07:09:07'),
	(187, 61, 4, 3, 170000, 200, 'op_banner_3.webp', '2024-01-07 07:09:06', '2024-01-07 07:09:07'),
	(188, 62, 3, 2, 100000, 200, 'op_banner_4.webp', '2024-01-07 07:09:06', '2024-01-07 07:09:07'),
	(189, 62, 3, 3, 110000, 200, 'op_banner_4.webp', '2024-01-07 07:09:06', '2024-01-07 07:09:07'),
	(190, 62, 3, 4, 120000, 200, 'op_banner_4.webp', '2024-01-07 07:09:06', '2024-01-07 07:09:07'),
	(191, 62, 4, 2, 100000, 200, 'op_banner_5.webp', '2024-01-07 07:09:06', '2024-01-07 07:09:07'),
	(192, 62, 4, 3, 150000, 200, 'op_banner_5.webp', '2024-01-07 07:09:06', '2024-01-07 07:09:07'),
	(193, 62, 5, 2, 160000, 200, 'op_banner_6.webp', '2024-01-07 07:09:06', '2024-01-07 07:09:07'),
	(194, 62, 5, 3, 170000, 200, 'op_banner_6.webp', '2024-01-07 07:09:06', '2024-01-07 07:09:07'),
	(195, 63, 4, 2, 100000, 200, 'op_banner_7.webp', '2024-01-07 07:09:06', '2024-01-07 07:09:07'),
	(196, 63, 4, 3, 110000, 200, 'op_banner_7.webp', '2024-01-07 07:09:06', '2024-01-07 07:09:07'),
	(197, 63, 4, 4, 120000, 200, 'op_banner_7.webp', '2024-01-07 07:09:06', '2024-01-07 07:09:07'),
	(198, 63, 5, 2, 100000, 200, 'op_banner_8.webp', '2024-01-07 07:09:06', '2024-01-07 07:09:07'),
	(199, 63, 5, 3, 150000, 200, 'op_banner_8.webp', '2024-01-07 07:09:06', '2024-01-07 07:09:07'),
	(200, 63, 6, 2, 160000, 200, 'op_banner_9.webp', '2024-01-07 07:09:06', '2024-01-07 07:09:07'),
	(201, 63, 6, 3, 170000, 200, 'op_banner_9.webp', '2024-01-07 07:09:06', '2024-01-07 07:09:07'),
	(202, 64, 2, 2, 100000, 200, 'op_banner_6.webp', '2024-01-07 07:09:06', '2024-01-07 07:09:07'),
	(203, 64, 2, 3, 110000, 200, 'op_banner_6.webp', '2024-01-07 07:09:06', '2024-01-07 07:09:07'),
	(204, 64, 2, 4, 120000, 200, 'op_banner_6.webp', '2024-01-07 07:09:06', '2024-01-07 07:09:07'),
	(205, 64, 3, 2, 100000, 200, 'op_banner_2.webp', '2024-01-07 07:09:06', '2024-01-07 07:09:07'),
	(206, 64, 3, 3, 150000, 200, 'op_banner_2.webp', '2024-01-07 07:09:06', '2024-01-07 07:09:07'),
	(207, 64, 4, 2, 160000, 200, 'op_banner_3.webp', '2024-01-07 07:09:06', '2024-01-07 07:09:07'),
	(208, 64, 4, 3, 170000, 200, 'op_banner_3.webp', '2024-01-07 07:09:06', '2024-01-07 07:09:07'),
	(209, 65, 3, 2, 100000, 200, 'op_banner_4.webp', '2024-01-07 07:09:06', '2024-01-07 07:09:07'),
	(210, 65, 3, 3, 110000, 200, 'op_banner_4.webp', '2024-01-07 07:09:06', '2024-01-07 07:09:07'),
	(211, 65, 3, 4, 120000, 200, 'op_banner_4.webp', '2024-01-07 07:09:06', '2024-01-07 07:09:07'),
	(212, 65, 4, 2, 100000, 200, 'op_banner_5.webp', '2024-01-07 07:09:06', '2024-01-07 07:09:07'),
	(213, 65, 4, 3, 150000, 200, 'op_banner_5.webp', '2024-01-07 07:09:06', '2024-01-07 07:09:07'),
	(214, 65, 5, 2, 160000, 200, 'op_banner_6.webp', '2024-01-07 07:09:06', '2024-01-07 07:09:07'),
	(215, 65, 5, 3, 170000, 200, 'op_banner_6.webp', '2024-01-07 07:09:06', '2024-01-07 07:09:07'),
	(216, 66, 6, 2, 100000, 200, 'op_banner_7.webp', '2024-01-07 07:09:06', '2024-01-07 07:09:07'),
	(217, 66, 6, 3, 110000, 200, 'op_banner_7.webp', '2024-01-07 07:09:06', '2024-01-07 07:09:07'),
	(218, 66, 6, 4, 120000, 200, 'op_banner_7.webp', '2024-01-07 07:09:06', '2024-01-07 07:09:07'),
	(219, 66, 10, 2, 100000, 200, 'op_banner_8.webp', '2024-01-07 07:09:06', '2024-01-07 07:09:07'),
	(220, 66, 10, 3, 150000, 200, 'op_banner_8.webp', '2024-01-07 07:09:06', '2024-01-07 07:09:07'),
	(221, 66, 8, 2, 160000, 200, 'op_banner_9.webp', '2024-01-07 07:09:06', '2024-01-07 07:09:07'),
	(222, 66, 8, 3, 170000, 200, 'op_banner_9.webp', '2024-01-07 07:09:06', '2024-01-07 07:09:07'),
	(223, 67, 4, 2, 100000, 200, 'op_banner_7.webp', '2024-01-07 07:09:06', '2024-01-07 07:09:07'),
	(224, 67, 4, 3, 110000, 200, 'op_banner_7.webp', '2024-01-07 07:09:06', '2024-01-07 07:09:07'),
	(225, 67, 4, 4, 120000, 200, 'op_banner_7.webp', '2024-01-07 07:09:06', '2024-01-07 07:09:07'),
	(226, 67, 5, 2, 100000, 200, 'op_banner_8.webp', '2024-01-07 07:09:06', '2024-01-07 07:09:07'),
	(227, 67, 5, 3, 150000, 200, 'op_banner_8.webp', '2024-01-07 07:09:06', '2024-01-07 07:09:07'),
	(228, 67, 6, 2, 160000, 200, 'op_banner_9.webp', '2024-01-07 07:09:06', '2024-01-07 07:09:07'),
	(229, 67, 6, 3, 170000, 200, 'op_banner_9.webp', '2024-01-07 07:09:06', '2024-01-07 07:09:07'),
	(230, 68, 2, 2, 100000, 200, 'op_banner_8.webp', '2024-01-07 07:09:06', '2024-01-07 07:09:07'),
	(231, 68, 2, 3, 110000, 200, 'op_banner_8.webp', '2024-01-07 07:09:06', '2024-01-07 07:09:07'),
	(232, 68, 2, 4, 120000, 200, 'op_banner_8.webp', '2024-01-07 07:09:06', '2024-01-07 07:09:07'),
	(233, 68, 3, 2, 100000, 200, 'op_banner_2.webp', '2024-01-07 07:09:06', '2024-01-07 07:09:07'),
	(234, 68, 3, 3, 150000, 200, 'op_banner_2.webp', '2024-01-07 07:09:06', '2024-01-07 07:09:07'),
	(235, 68, 4, 2, 160000, 200, 'op_banner_3.webp', '2024-01-07 07:09:06', '2024-01-07 07:09:07'),
	(236, 68, 4, 3, 170000, 200, 'op_banner_3.webp', '2024-01-07 07:09:06', '2024-01-07 07:09:07'),
	(237, 69, 3, 2, 100000, 200, 'op_banner_2.webp', '2024-01-07 07:09:06', '2024-01-07 07:09:07'),
	(238, 69, 3, 3, 110000, 200, 'op_banner_2.webp', '2024-01-07 07:09:06', '2024-01-07 07:09:07'),
	(239, 69, 3, 4, 120000, 200, 'op_banner_2.webp', '2024-01-07 07:09:06', '2024-01-07 07:09:07'),
	(240, 69, 4, 2, 100000, 200, 'op_banner_4.webp', '2024-01-07 07:09:06', '2024-01-07 07:09:07'),
	(241, 69, 4, 3, 150000, 200, 'op_banner_4.webp', '2024-01-07 07:09:06', '2024-01-07 07:09:07'),
	(242, 69, 5, 2, 160000, 200, 'op_banner_6.webp', '2024-01-07 07:09:06', '2024-01-07 07:09:07'),
	(243, 69, 5, 3, 170000, 200, 'op_banner_6.webp', '2024-01-07 07:09:06', '2024-01-07 07:09:07'),
	(244, 70, 6, 2, 100000, 200, 'op_banner_7.webp', '2024-01-07 07:09:06', '2024-01-07 07:09:07'),
	(245, 70, 6, 3, 110000, 200, 'op_banner_7.webp', '2024-01-07 07:09:06', '2024-01-07 07:09:07'),
	(246, 70, 6, 4, 120000, 200, 'op_banner_7.webp', '2024-01-07 07:09:06', '2024-01-07 07:09:07'),
	(247, 70, 9, 2, 100000, 200, 'op_banner_8.webp', '2024-01-07 07:09:06', '2024-01-07 07:09:07'),
	(248, 70, 9, 3, 150000, 200, 'op_banner_8.webp', '2024-01-07 07:09:06', '2024-01-07 07:09:07'),
	(249, 70, 10, 2, 160000, 200, 'op_banner_9.webp', '2024-01-07 07:09:06', '2024-01-07 07:09:07'),
	(250, 70, 10, 3, 170000, 200, 'op_banner_9.webp', '2024-01-07 07:09:06', '2024-01-07 07:09:07'),
	(251, 71, 2, 2, 100000, 200, 'op_banner_1.webp', '2024-01-07 07:09:06', '2024-01-07 07:09:07'),
	(252, 71, 2, 3, 110000, 200, 'op_banner_1.webp', '2024-01-07 07:09:06', '2024-01-07 07:09:07'),
	(253, 71, 2, 4, 120000, 200, 'op_banner_1.webp', '2024-01-07 07:09:06', '2024-01-07 07:09:07'),
	(254, 71, 3, 2, 100000, 200, 'op_banner_2.webp', '2024-01-07 07:09:06', '2024-01-07 07:09:07'),
	(255, 71, 3, 3, 150000, 200, 'op_banner_2.webp', '2024-01-07 07:09:06', '2024-01-07 07:09:07'),
	(256, 71, 3, 3, 150000, 200, 'op_banner_2.webp', '2024-01-07 07:09:06', '2024-01-07 07:09:07'),
	(257, 71, 4, 2, 160000, 200, 'op_banner_3.webp', '2024-01-07 07:09:06', '2024-01-07 07:09:07'),
	(258, 71, 4, 3, 170000, 200, 'op_banner_3.webp', '2024-01-07 07:09:06', '2024-01-07 07:09:07'),
	(259, 72, 3, 2, 100000, 200, 'op_banner_4.webp', '2024-01-07 07:09:06', '2024-01-07 07:09:07'),
	(260, 72, 3, 3, 110000, 200, 'op_banner_4.webp', '2024-01-07 07:09:06', '2024-01-07 07:09:07'),
	(261, 72, 3, 4, 120000, 200, 'op_banner_4.webp', '2024-01-07 07:09:06', '2024-01-07 07:09:07'),
	(262, 72, 4, 2, 100000, 200, 'op_banner_5.webp', '2024-01-07 07:09:06', '2024-01-07 07:09:07'),
	(263, 72, 4, 3, 150000, 200, 'op_banner_5.webp', '2024-01-07 07:09:06', '2024-01-07 07:09:07'),
	(264, 72, 5, 2, 160000, 200, 'op_banner_6.webp', '2024-01-07 07:09:06', '2024-01-07 07:09:07'),
	(265, 72, 5, 3, 170000, 200, 'op_banner_6.webp', '2024-01-07 07:09:06', '2024-01-07 07:09:07'),
	(266, 73, 4, 2, 100000, 200, 'op_banner_7.webp', '2024-01-07 07:09:06', '2024-01-07 07:09:07'),
	(267, 73, 4, 3, 110000, 200, 'op_banner_7.webp', '2024-01-07 07:09:06', '2024-01-07 07:09:07'),
	(268, 73, 4, 4, 120000, 200, 'op_banner_7.webp', '2024-01-07 07:09:06', '2024-01-07 07:09:07'),
	(269, 73, 5, 2, 100000, 200, 'op_banner_8.webp', '2024-01-07 07:09:06', '2024-01-07 07:09:07'),
	(270, 73, 5, 3, 150000, 200, 'op_banner_8.webp', '2024-01-07 07:09:06', '2024-01-07 07:09:07'),
	(271, 73, 6, 2, 160000, 200, 'op_banner_9.webp', '2024-01-07 07:09:06', '2024-01-07 07:09:07'),
	(272, 73, 6, 3, 170000, 200, 'op_banner_9.webp', '2024-01-07 07:09:06', '2024-01-07 07:09:07'),
	(273, 74, 2, 2, 100000, 200, 'op_banner_1.webp', '2024-01-07 07:09:06', '2024-01-07 07:09:07'),
	(274, 74, 2, 3, 110000, 200, 'op_banner_1.webp', '2024-01-07 07:09:06', '2024-01-07 07:09:07'),
	(275, 74, 2, 4, 120000, 200, 'op_banner_1.webp', '2024-01-07 07:09:06', '2024-01-07 07:09:07'),
	(276, 74, 3, 2, 100000, 200, 'op_banner_2.webp', '2024-01-07 07:09:06', '2024-01-07 07:09:07'),
	(277, 74, 3, 3, 150000, 200, 'op_banner_2.webp', '2024-01-07 07:09:06', '2024-01-07 07:09:07'),
	(278, 74, 4, 2, 160000, 200, 'op_banner_3.webp', '2024-01-07 07:09:06', '2024-01-07 07:09:07'),
	(279, 74, 4, 3, 170000, 200, 'op_banner_3.webp', '2024-01-07 07:09:06', '2024-01-07 07:09:07'),
	(280, 75, 3, 2, 100000, 200, 'op_banner_4.webp', '2024-01-07 07:09:06', '2024-01-07 07:09:07'),
	(281, 75, 3, 3, 110000, 200, 'op_banner_4.webp', '2024-01-07 07:09:06', '2024-01-07 07:09:07'),
	(282, 75, 3, 4, 120000, 200, 'op_banner_4.webp', '2024-01-07 07:09:06', '2024-01-07 07:09:07'),
	(283, 75, 4, 2, 100000, 200, 'op_banner_5.webp', '2024-01-07 07:09:06', '2024-01-07 07:09:07'),
	(284, 75, 4, 3, 150000, 200, 'op_banner_5.webp', '2024-01-07 07:09:06', '2024-01-07 07:09:07'),
	(285, 75, 5, 2, 160000, 200, 'op_banner_6.webp', '2024-01-07 07:09:06', '2024-01-07 07:09:07'),
	(286, 75, 5, 3, 170000, 200, 'op_banner_6.webp', '2024-01-07 07:09:06', '2024-01-07 07:09:07'),
	(287, 76, 6, 2, 100000, 200, 'op_banner_6.webp', '2024-01-07 07:09:06', '2024-01-07 07:09:07'),
	(288, 76, 6, 3, 110000, 200, 'op_banner_6.webp', '2024-01-07 07:09:06', '2024-01-07 07:09:07'),
	(289, 76, 6, 4, 120000, 200, 'op_banner_6.webp', '2024-01-07 07:09:06', '2024-01-07 07:09:07'),
	(290, 76, 10, 2, 100000, 200, 'op_banner_9.webp', '2024-01-07 07:09:06', '2024-01-07 07:09:07'),
	(291, 76, 10, 3, 150000, 200, 'op_banner_9.webp', '2024-01-07 07:09:06', '2024-01-07 07:09:07'),
	(292, 76, 8, 2, 160000, 200, 'op_banner_1.webp', '2024-01-07 07:09:06', '2024-01-07 07:09:07'),
	(293, 76, 8, 3, 170000, 200, 'op_banner_1.webp', '2024-01-07 07:09:06', '2024-01-07 07:09:07'),
	(294, 77, 4, 2, 100000, 200, 'op_banner_7.webp', '2024-01-07 07:09:06', '2024-01-07 07:09:07'),
	(295, 77, 4, 3, 110000, 200, 'op_banner_7.webp', '2024-01-07 07:09:06', '2024-01-07 07:09:07'),
	(296, 77, 4, 4, 120000, 200, 'op_banner_7.webp', '2024-01-07 07:09:06', '2024-01-07 07:09:07'),
	(297, 77, 5, 2, 100000, 200, 'op_banner_8.webp', '2024-01-07 07:09:06', '2024-01-07 07:09:07'),
	(298, 77, 5, 3, 150000, 200, 'op_banner_8.webp', '2024-01-07 07:09:06', '2024-01-07 07:09:07'),
	(299, 77, 6, 2, 160000, 200, 'op_banner_9.webp', '2024-01-07 07:09:06', '2024-01-07 07:09:07'),
	(300, 77, 6, 3, 170000, 200, 'op_banner_9.webp', '2024-01-07 07:09:06', '2024-01-07 07:09:07'),
	(301, 78, 2, 2, 100000, 200, 'op_banner_10.webp', '2024-01-07 07:09:06', '2024-01-07 07:09:07'),
	(302, 78, 2, 3, 110000, 200, 'op_banner_10.webp', '2024-01-07 07:09:06', '2024-01-07 07:09:07'),
	(303, 78, 2, 4, 120000, 200, 'op_banner_10.webp', '2024-01-07 07:09:06', '2024-01-07 07:09:07'),
	(304, 78, 3, 2, 100000, 200, 'op_banner_2.webp', '2024-01-07 07:09:06', '2024-01-07 07:09:07'),
	(305, 78, 3, 3, 150000, 200, 'op_banner_2.webp', '2024-01-07 07:09:06', '2024-01-07 07:09:07'),
	(306, 78, 4, 2, 160000, 200, 'op_banner_3.webp', '2024-01-07 07:09:06', '2024-01-07 07:09:07'),
	(307, 78, 4, 3, 170000, 200, 'op_banner_3.webp', '2024-01-07 07:09:06', '2024-01-07 07:09:07'),
	(308, 79, 3, 2, 100000, 200, 'op_banner_4.webp', '2024-01-07 07:09:06', '2024-01-07 07:09:07'),
	(309, 79, 3, 3, 110000, 200, 'op_banner_4.webp', '2024-01-07 07:09:06', '2024-01-07 07:09:07'),
	(310, 79, 3, 4, 120000, 200, 'op_banner_4.webp', '2024-01-07 07:09:06', '2024-01-07 07:09:07'),
	(311, 79, 4, 2, 100000, 200, 'op_banner_5.webp', '2024-01-07 07:09:06', '2024-01-07 07:09:07'),
	(312, 79, 4, 3, 150000, 200, 'op_banner_5.webp', '2024-01-07 07:09:06', '2024-01-07 07:09:07'),
	(313, 79, 5, 2, 160000, 200, 'op_banner_6.webp', '2024-01-07 07:09:06', '2024-01-07 07:09:07'),
	(314, 79, 5, 3, 170000, 200, 'op_banner_6.webp', '2024-01-07 07:09:06', '2024-01-07 07:09:07'),
	(315, 80, 6, 2, 100000, 200, 'op_banner_9.webp', '2024-01-07 07:09:06', '2024-01-07 07:09:07'),
	(316, 80, 6, 3, 110000, 200, 'op_banner_9.webp', '2024-01-07 07:09:06', '2024-01-07 07:09:07'),
	(317, 80, 6, 4, 120000, 200, 'op_banner_9.webp', '2024-01-07 07:09:06', '2024-01-07 07:09:07'),
	(318, 80, 9, 2, 100000, 200, 'op_banner_8.webp', '2024-01-07 07:09:06', '2024-01-07 07:09:07'),
	(319, 80, 9, 3, 150000, 200, 'op_banner_8.webp', '2024-01-07 07:09:06', '2024-01-07 07:09:07'),
	(320, 80, 10, 2, 160000, 200, 'op_banner_7.webp', '2024-01-07 07:09:06', '2024-01-07 07:09:07'),
	(321, 80, 10, 3, 170000, 200, 'op_banner_7.webp', '2024-01-07 07:09:06', '2024-01-07 07:09:07');
/*!40000 ALTER TABLE `detail_product` ENABLE KEYS */;

-- Dumping structure for table shop.discounts
CREATE TABLE IF NOT EXISTS `discounts` (
  `id` int NOT NULL AUTO_INCREMENT,
  `name` varchar(50) DEFAULT NULL,
  `description` text,
  `discount_percent` decimal(20,6) DEFAULT '0.000000',
  `active` tinyint DEFAULT '0',
  `created_at` timestamp NULL DEFAULT NULL,
  `updated_at` timestamp NULL DEFAULT NULL ON UPDATE CURRENT_TIMESTAMP,
  `deleted_at` timestamp NULL DEFAULT NULL,
  PRIMARY KEY (`id`)
) ENGINE=MyISAM AUTO_INCREMENT=6 DEFAULT CHARSET=utf8mb4 COLLATE=utf8mb4_0900_ai_ci;

-- Dumping data for table shop.discounts: 5 rows
DELETE FROM `discounts`;
/*!40000 ALTER TABLE `discounts` DISABLE KEYS */;
INSERT INTO `discounts` (`id`, `name`, `description`, `discount_percent`, `active`, `created_at`, `updated_at`, `deleted_at`) VALUES
	(1, 'Mã giảm giá', 'Giảm giá 40% mọi sản phẩm', 40.000000, 1, '2023-12-12 03:54:45', '2023-12-12 03:55:22', NULL),
	(2, 'Mã giảm giá', 'Giảm giá 7% mọi sản phẩm', 7.000000, 1, '2023-12-12 03:54:45', '2023-12-12 09:57:33', NULL),
	(3, 'Mã giảm giá', 'Giảm giá 6% mọi sản phẩm', 6.000000, 1, '2023-12-12 03:54:45', '2023-12-12 09:57:28', NULL),
	(4, 'Mã giảm giá', 'Giảm giá 99% mọi sản phẩm', 99.000000, 1, '2023-12-12 03:54:45', '2023-12-12 09:57:23', NULL),
	(5, 'Mã giảm giá', 'Giảm giá 1% mọi sản phẩm', 1.000000, 1, '2023-12-12 03:54:45', '2023-12-12 10:04:40', NULL);
/*!40000 ALTER TABLE `discounts` ENABLE KEYS */;

-- Dumping structure for table shop.location
CREATE TABLE IF NOT EXISTS `location` (
  `id` int NOT NULL AUTO_INCREMENT,
  `city_id` int DEFAULT '0',
  `name` varchar(255) DEFAULT NULL,
  `created_at` timestamp NULL DEFAULT NULL,
  `updated_at` timestamp NULL DEFAULT NULL ON UPDATE CURRENT_TIMESTAMP,
  PRIMARY KEY (`id`)
) ENGINE=MyISAM AUTO_INCREMENT=58 DEFAULT CHARSET=utf8mb4 COLLATE=utf8mb4_0900_ai_ci;

-- Dumping data for table shop.location: 57 rows
DELETE FROM `location`;
/*!40000 ALTER TABLE `location` DISABLE KEYS */;
INSERT INTO `location` (`id`, `city_id`, `name`, `created_at`, `updated_at`) VALUES
	(1, 0, 'Tp Hồ Chí Minh', NULL, NULL),
	(2, 1, 'Quận 1', NULL, '2024-01-09 04:26:13'),
	(3, 1, 'Quận 3', NULL, '2024-01-09 04:26:13'),
	(4, 1, 'Quận 4', NULL, '2024-01-09 04:26:13'),
	(5, 1, 'Quận 5', NULL, '2024-01-09 04:26:13'),
	(6, 1, 'Quận 6', NULL, '2024-01-09 04:26:13'),
	(7, 1, 'Quận 7', NULL, '2024-01-09 04:26:13'),
	(8, 1, 'Quận 8', NULL, '2024-01-09 04:26:13'),
	(9, 1, 'Quận 10', NULL, '2024-01-09 04:26:13'),
	(10, 1, 'Quận 11', NULL, '2024-01-09 04:26:13'),
	(11, 1, 'Quận 12', NULL, '2024-01-09 04:26:13'),
	(12, 1, 'Tân Binh', NULL, '2024-01-09 04:26:13'),
	(13, 1, 'Bình Thạnh', NULL, '2024-01-09 04:26:13'),
	(14, 1, 'Gò Vấp', NULL, '2024-01-09 04:26:13'),
	(15, 1, 'Phú Nhuận', NULL, '2024-01-09 04:26:13'),
	(16, 1, 'Tân Phú', NULL, '2024-01-09 04:26:13'),
	(17, 1, 'Bình Tân', NULL, '2024-01-09 04:26:13'),
	(18, 0, 'Hà Nội', NULL, NULL),
	(19, 18, 'Quận Ba Đình', NULL, NULL),
	(20, 18, 'Quận Hoàn Kiếm', NULL, NULL),
	(21, 18, 'Quận Tây Hồ', NULL, '2024-01-09 04:30:44'),
	(22, 18, 'Quận Long Biên', NULL, '2024-01-09 04:30:44'),
	(23, 18, 'Quận Cầu Giấy', NULL, '2024-01-09 04:30:44'),
	(24, 18, 'Quận Đống Đa', NULL, '2024-01-09 04:30:44'),
	(25, 18, 'Quận Hai Bà Trưng', NULL, '2024-01-09 04:30:44'),
	(26, 18, 'Quận Hoàng Mai', NULL, '2024-01-09 04:30:44'),
	(27, 18, 'Quận Thanh Xuân', NULL, '2024-01-09 04:30:44'),
	(28, 18, 'Huyện Sóc Sơn', NULL, '2024-01-09 04:30:44'),
	(29, 18, 'Huyện Đông Anh', NULL, '2024-01-09 04:30:44'),
	(30, 18, 'Quận Nam Từ Liêm', NULL, '2024-01-09 04:30:44'),
	(31, 18, 'Quận Hà Đông', NULL, '2024-01-09 04:30:44'),
	(32, 18, 'Huyện Mê Linh', NULL, '2024-01-09 04:30:44'),
	(33, 0, 'Đà Nẵng', NULL, NULL),
	(34, 33, 'Quận Liên Chiểu', NULL, NULL),
	(35, 33, 'Quận Thanh Khê', NULL, NULL),
	(36, 33, 'Quận Hải Châu', NULL, NULL),
	(37, 33, 'Quận Sơn Trà', NULL, NULL),
	(38, 33, 'Quận Ngũ Hành Sơn', NULL, NULL),
	(39, 33, 'Quận Cẩm Lệ', NULL, NULL),
	(40, 33, 'Huyện Hoàng Sa', NULL, NULL),
	(41, 33, 'Huyện Hòa Vang', NULL, NULL),
	(42, 0, 'Hải Phòng', NULL, NULL),
	(43, 42, 'Quận Hồng Bàng', NULL, NULL),
	(44, 42, 'Quận Ngô Quyền', NULL, NULL),
	(45, 42, 'Quận Lê Chân', NULL, NULL),
	(46, 42, 'Quận Hải An', NULL, NULL),
	(47, 42, 'Quận Kiến An', NULL, NULL),
	(48, 42, 'Quận Đồ Sơn', NULL, NULL),
	(49, 42, 'Quận Dương Kinh', NULL, NULL),
	(50, 42, 'Huyện Thuỷ Nguyên', NULL, NULL),
	(51, 42, 'Huyện An Dương', NULL, NULL),
	(52, 42, 'Huyện An Lão', NULL, NULL),
	(53, 42, 'Huyện Kiến Thuỵ', NULL, NULL),
	(54, 42, 'Huyện Tiên Lãng', NULL, NULL),
	(55, 42, 'Huyện Vĩnh Bảo', NULL, NULL),
	(56, 42, 'Huyện Cát Hải', NULL, NULL),
	(57, 42, 'Huyện Bạch Long Vĩ', NULL, NULL);
/*!40000 ALTER TABLE `location` ENABLE KEYS */;

-- Dumping structure for table shop.orders
CREATE TABLE IF NOT EXISTS `orders` (
  `id` int NOT NULL AUTO_INCREMENT,
  `user_id` int NOT NULL DEFAULT '0',
  `fullname` varchar(255) CHARACTER SET utf8mb4 COLLATE utf8mb4_0900_ai_ci DEFAULT NULL,
  `email_address` varchar(255) CHARACTER SET utf8mb4 COLLATE utf8mb4_0900_ai_ci DEFAULT NULL,
  `shipping_address` varchar(255) CHARACTER SET utf8mb4 COLLATE utf8mb4_0900_ai_ci DEFAULT NULL,
  `city` varchar(255) CHARACTER SET utf8mb4 COLLATE utf8mb4_0900_ai_ci DEFAULT NULL,
  `district` varchar(255) CHARACTER SET utf8mb4 COLLATE utf8mb4_0900_ai_ci DEFAULT NULL,
  `phone_number` varchar(255) CHARACTER SET utf8mb4 COLLATE utf8mb4_0900_ai_ci DEFAULT NULL,
  `order_date` date DEFAULT NULL,
  `total_amount` int DEFAULT '0',
  PRIMARY KEY (`id`)
) ENGINE=MyISAM AUTO_INCREMENT=2 DEFAULT CHARSET=utf8mb4 COLLATE=utf8mb4_0900_ai_ci;

-- Dumping data for table shop.orders: 0 rows
DELETE FROM `orders`;
/*!40000 ALTER TABLE `orders` DISABLE KEYS */;
INSERT INTO `orders` (`id`, `user_id`, `fullname`, `email_address`, `shipping_address`, `city`, `district`, `phone_number`, `order_date`, `total_amount`) VALUES
	(1, 1, 'Lê Huy Hiệu', 'lehuyhieu@gmail.com', '50 hiệp bình chánh tp thủ đức', '1', '3', '0386208003', '2024-01-09', 53780000);
/*!40000 ALTER TABLE `orders` ENABLE KEYS */;

-- Dumping structure for table shop.order_details
CREATE TABLE IF NOT EXISTS `order_details` (
  `id` int NOT NULL AUTO_INCREMENT,
  `order_id` int NOT NULL DEFAULT '0',
  `product_id` int NOT NULL DEFAULT '0',
  `note` varchar(500) DEFAULT NULL,
  `title` varchar(255) DEFAULT NULL,
  `size_name` varchar(255) CHARACTER SET utf8mb4 COLLATE utf8mb4_0900_ai_ci DEFAULT NULL,
  `color_name` varchar(255) CHARACTER SET utf8mb4 COLLATE utf8mb4_0900_ai_ci DEFAULT NULL,
  `status` varchar(255) DEFAULT NULL,
  `quantity` int NOT NULL DEFAULT '0',
  `unit_price` int NOT NULL DEFAULT '0',
  PRIMARY KEY (`id`)
) ENGINE=MyISAM AUTO_INCREMENT=5 DEFAULT CHARSET=utf8mb4 COLLATE=utf8mb4_0900_ai_ci;

-- Dumping data for table shop.order_details: 0 rows
DELETE FROM `order_details`;
/*!40000 ALTER TABLE `order_details` DISABLE KEYS */;
INSERT INTO `order_details` (`id`, `order_id`, `product_id`, `note`, `title`, `size_name`, `color_name`, `status`, `quantity`, `unit_price`) VALUES
	(1, 1, 23, '123', 'Google Pixel 6', 'No Size', 'Xanh lá', 'Wait for confirmation', 1, 18600000),
	(2, 1, 58, '123', 'JBL Charge 5', 'No Size', 'Hồng', 'Wait for confirmation', 2, 180000),
	(3, 1, 11, '123', 'ASUS ROG Zephyrus G14', 'No Size', 'Cam', 'Wait for confirmation', 1, 13000000),
	(4, 1, 27, '123', 'Asus Zenfone 8', 'No Size', 'Vàng', 'Wait for confirmation', 1, 22000000);
/*!40000 ALTER TABLE `order_details` ENABLE KEYS */;

-- Dumping structure for table shop.products
CREATE TABLE IF NOT EXISTS `products` (
  `id` int NOT NULL AUTO_INCREMENT,
  `category_id` int DEFAULT '0',
  `product_hot` tinyint DEFAULT '0',
  `title` varchar(255) DEFAULT NULL,
  `description` text,
  `discount_id` int DEFAULT '0',
  `created_at` timestamp NULL DEFAULT NULL,
  `updated_at` timestamp NULL DEFAULT NULL ON UPDATE CURRENT_TIMESTAMP,
  `deleted_at` timestamp NULL DEFAULT NULL,
  PRIMARY KEY (`id`),
  KEY `category_id` (`category_id`),
  KEY `title` (`title`(250))
) ENGINE=MyISAM AUTO_INCREMENT=81 DEFAULT CHARSET=utf8mb4 COLLATE=utf8mb4_0900_ai_ci;

-- Dumping data for table shop.products: 80 rows
DELETE FROM `products`;
/*!40000 ALTER TABLE `products` DISABLE KEYS */;
INSERT INTO `products` (`id`, `category_id`, `product_hot`, `title`, `description`, `discount_id`, `created_at`, `updated_at`, `deleted_at`) VALUES
	(1, 13, 0, 'MacBook Pro 2023 (Apple)', 'Description for Microsoft Surface Laptop 4 - This is a longer description for the product. It includes more details about the features and specifications of the Microsoft Surface Laptop 4 to provide a comprehensive understanding.', 0, '2024-01-07 10:20:57', '2024-01-07 10:20:58', NULL),
	(2, 10, 0, 'Microsoft Surface Laptop 4', 'Description for Microsoft Surface Laptop 4 - This is a longer description for the product. It includes more details about the features and specifications of the Microsoft Surface Laptop 4 to provide a comprehensive understanding.', 0, '2024-01-07 10:20:58', '2024-01-07 10:20:59', NULL),
	(3, 28, 0, 'Dell XPS 15', 'Description for Macbook Pro (2021) - This is a longer description for the product. It includes more details about the features and specifications of the Macbook Pro (2021) to provide a comprehensive understanding.', 0, '2024-01-07 10:20:59', '2024-01-07 10:20:59', NULL),
	(4, 13, 1, 'Macbook Pro (2021)', 'Description for Macbook Pro (2021) - This is a longer description for the product. It includes more details about the features and specifications of the Macbook Pro (2021) to provide a comprehensive understanding.', 3, '2024-01-07 10:20:59', '2024-01-07 10:48:48', NULL),
	(5, 5, 0, 'Macbook Air with M1 chip', 'Description for Macbook Air with M1 chip - This is a longer description for the product. It includes more details about the features and specifications of the Macbook Pro (2021) to provide a comprehensive understanding.', 1, '2024-01-07 10:20:59', '2024-01-07 13:12:04', NULL),
	(6, 20, 0, 'Dell XPS 15', 'Description for Dell XPS 15 - This is a longer description for the product. It includes more details about the features and specifications of the Dell XPS 15 to provide a comprehensive understanding.', 0, '2024-01-07 10:39:36', '2024-01-07 10:39:37', NULL),
	(7, 20, 1, 'ASUS ROG Zephyrus G14', 'Description for ASUS ROG Zephyrus G14 - This is a longer description for the product. It includes more details about the features and specifications of the ASUS ROG Zephyrus G14 to provide a comprehensive understanding.', 4, '2024-01-07 10:39:38', '2024-01-07 10:49:24', NULL),
	(8, 23, 0, 'MacBook Pro 2023 (Apple)', 'Description for MacBook Pro 2023 (Apple) - This is a longer description for the product. It includes more details about the features and specifications of the MacBook Pro 2023 (Apple) to provide a comprehensive understanding.', 0, '2024-01-07 10:39:39', '2024-01-07 10:39:40', NULL),
	(9, 35, 1, 'Microsoft Surface Laptop 4', 'Description for Microsoft Surface Laptop 4 - This is a longer description for the product. It includes more details about the features and specifications of the Microsoft Surface Laptop 4 to provide a comprehensive understanding.', 5, '2024-01-07 10:39:41', '2024-01-07 10:49:18', NULL),
	(10, 29, 0, 'Microsoft Surface Laptop 4', 'Description for Microsoft Surface Laptop 4 - This is a longer description for the product. It includes more details about the features and specifications of the Microsoft Surface Laptop 4 to provide a comprehensive understanding.', 0, '2024-01-07 10:47:56', '2024-01-07 10:47:57', NULL),
	(11, 29, 1, 'ASUS ROG Zephyrus G14', 'Description for ASUS ROG Zephyrus G14 - This is a longer description for the product. It includes more details about the features and specifications of the ASUS ROG Zephyrus G14 to provide a comprehensive understanding.', 0, '2024-01-07 10:47:58', '2024-01-07 13:10:23', NULL),
	(12, 31, 0, 'ASUS ROG Zephyrus G14', 'Description for ASUS ROG Zephyrus G14 - This is a longer description for the product. It includes more details about the features and specifications of the ASUS ROG Zephyrus G14 to provide a comprehensive understanding.', 0, '2024-01-07 10:48:00', '2024-01-07 10:48:00', NULL),
	(13, 5, 0, 'Macbook Pro 16-inch with Touch Bar', 'Description for Macbook Pro 16-inch with Touch Bar - This is a longer description for the product. It includes more details about the features and specifications of the Macbook Pro 16-inch with Touch Bar to provide a comprehensive understanding.', 0, '2024-01-07 10:47:58', '2024-01-07 10:47:59', NULL),
	(14, 32, 1, 'MacBook Pro 2023 (Apple)', 'Description for MacBook Pro 2023 (Apple) - This is a longer description for the product. It includes more details about the features and specifications of the MacBook Pro 2023 (Apple) to provide a comprehensive understanding.', 2, '2024-01-07 10:48:00', '2024-01-07 10:48:54', NULL),
	(15, 29, 0, 'Lenovo ThinkPad X1 Carbon', 'Description for Lenovo ThinkPad X1 Carbon - This is a longer description for the product. It includes more details about the features and specifications of the Lenovo ThinkPad X1 Carbon to provide a comprehensive understanding.', 0, '2024-01-07 10:48:02', '2024-01-07 10:48:03', NULL),
	(16, 17, 0, 'Macbook Pro (16-inch)', 'Description for Macbook Pro (16-inch) - This is a longer description for the product. It includes more details about the features and specifications of the Macbook Pro (16-inch) to provide a comprehensive understanding.', 5, '2024-01-07 10:48:01', '2024-01-07 13:12:00', NULL),
	(17, 23, 0, 'Microsoft Surface Laptop 4', 'Description for Microsoft Surface Laptop 4 - This is a longer description for the product. It includes more details about the features and specifications of the Microsoft Surface Laptop 4 to provide a comprehensive understanding.', 1, '2024-01-07 10:48:04', '2024-01-07 13:11:32', NULL),
	(18, 31, 0, 'MSI GS66 Stealth', 'Description for MSI GS66 Stealth - This is a longer description for the product. It includes more details about the features and specifications of the MSI GS66 Stealth to provide a comprehensive understanding.', 0, '2024-01-07 10:48:03', '2024-01-07 10:48:04', NULL),
	(19, 69, 0, 'Samsung Galaxy S21 Ultra', 'Description for Samsung Galaxy S21 Ultra - This is a longer description for the product. It includes more details about the features and specifications of the Samsung Galaxy S21 Ultra to provide a comprehensive understanding.', 0, '2024-01-07 11:14:27', '2024-01-07 11:14:28', NULL),
	(20, 74, 0, 'Sony Xperia 1 III', 'Description for Sony Xperia 1 III - This is a longer description for the product. It includes more details about the features and specifications of the Sony Xperia 1 III to provide a comprehensive understanding.', 0, '2024-01-07 11:14:28', '2024-01-07 11:14:29', NULL),
	(21, 75, 1, 'Google Pixel 6 Pro', 'Description for Google Pixel 6 Pro - This is a longer description for the product. It includes more details about the features and specifications of the Google Pixel 6 Pro to provide a comprehensive understanding.', 0, '2024-01-07 11:14:29', '2024-01-07 13:10:19', NULL),
	(22, 79, 0, 'HTC U12+', 'Description for HTC U12+ - This is a longer description for the product. It includes more details about the features and specifications of the HTC U12+ to provide a comprehensive understanding.', 0, '2024-01-07 11:14:30', '2024-01-07 11:14:30', NULL),
	(23, 70, 0, 'Google Pixel 6', 'Description for Google Pixel 6 - This is a longer description for the product. It includes more details about the features and specifications of the Google Pixel 6 to provide a comprehensive understanding.', 2, '2024-01-07 11:14:30', '2024-01-07 11:34:03', NULL),
	(24, 71, 0, 'Oppo Find X3 Pro', 'Description for Oppo Find X3 Pro - This is a longer description for the product. It includes more details about the features and specifications of the Oppo Find X3 Pro to provide a comprehensive understanding.', 0, '2024-01-07 11:14:31', '2024-01-07 11:14:31', NULL),
	(25, 78, 1, 'Motorola Edge+', 'Description for Motorola Edge+ - This is a longer description for the product. It includes more details about the features and specifications of the Motorola Edge+ to provide a comprehensive understanding.', 0, '2024-01-07 11:14:31', '2024-01-07 13:10:15', NULL),
	(26, 81, 0, 'BlackBerry Key2', 'Description for BlackBerry Key2 - This is a longer description for the product. It includes more details about the features and specifications of the BlackBerry Key2 to provide a comprehensive understanding.', 0, '2024-01-07 11:14:32', '2024-01-07 11:14:32', NULL),
	(27, 83, 0, 'Asus Zenfone 8', 'Description for Asus Zenfone 8 - This is a longer description for the product. It includes more details about the features and specifications of the Asus Zenfone 8 to provide a comprehensive understanding.', 0, '2024-01-07 11:14:32', '2024-01-07 11:14:33', NULL),
	(28, 75, 1, 'Huawei P40 Pro', 'Description for Huawei P40 Pro - This is a longer description for the product. It includes more details about the features and specifications of the Huawei P40 Pro to provide a comprehensive understanding.', 5, '2024-01-07 11:14:33', '2024-01-07 11:14:33', NULL),
	(29, 81, 0, 'Samsung Galaxy S21 Ultra', 'Description for Samsung Galaxy S21 Ultra - This is a longer description for the product. It includes more details about the features and specifications of the Samsung Galaxy S21 Ultra to provide a comprehensive understanding.', 0, '2024-01-07 11:14:33', '2024-01-07 11:14:34', NULL),
	(30, 75, 0, 'BlackBerry Key2', 'Description for BlackBerry Key2 - This is a longer description for the product. It includes more details about the features and specifications of the BlackBerry Key2 to provide a comprehensive understanding.', 2, '2024-01-07 11:24:39', '2024-01-07 11:34:10', NULL),
	(31, 85, 0, 'LG Velvet', 'Description for LG Velvet - This is a longer description for the product. It includes more details about the features and specifications of the LG Velvet to provide a comprehensive understanding.', 0, '2024-01-07 11:24:39', '2024-01-07 11:24:40', NULL),
	(32, 73, 0, 'Asus Zenfone 8', 'Description for Asus Zenfone 8 - This is a longer description for the product. It includes more details about the features and specifications of the Asus Zenfone 8 to provide a comprehensive understanding.', 0, '2024-01-07 11:24:40', '2024-01-07 11:24:40', NULL),
	(33, 72, 1, 'Google Pixel 6', 'Description for Google Pixel 6 - This is a longer description for the product. It includes more details about the features and specifications of the Google Pixel 6 to provide a comprehensive understanding.', 2, '2024-01-07 11:24:41', '2024-01-07 11:31:58', NULL),
	(34, 73, 0, 'Google Pixel 6', 'Description for Google Pixel 6 - This is a longer description for the product. It includes more details about the features and specifications of the Google Pixel 6 to provide a comprehensive understanding.', 0, '2024-01-07 11:24:41', '2024-01-07 11:24:41', NULL),
	(35, 78, 0, 'Google Pixel 6 Pro', 'Description for Google Pixel 6 Pro - This is a longer description for the product. It includes more details about the features and specifications of the Google Pixel 6 Pro to provide a comprehensive understanding.', 2, '2024-01-07 11:24:42', '2024-01-07 11:34:48', NULL),
	(36, 78, 0, 'Asus Zenfone 8', 'Description for Asus Zenfone 8 - This is a longer description for the product. It includes more details about the features and specifications of the Asus Zenfone 8 to provide a comprehensive understanding.', 0, '2024-01-07 11:24:42', '2024-01-07 11:24:43', NULL),
	(37, 78, 1, 'Google Pixel 6', 'Description for Google Pixel 6 - This is a longer description for the product. It includes more details about the features and specifications of the Google Pixel 6 to provide a comprehensive understanding.', 5, '2024-01-07 11:24:43', '2024-01-07 11:32:04', NULL),
	(38, 82, 0, 'Nokia 9 PureView', 'Description for Nokia 9 PureView - This is a longer description for the product. It includes more details about the features and specifications of the Nokia 9 PureView to provide a comprehensive understanding.', 0, '2024-01-07 11:24:43', '2024-01-07 11:24:44', NULL),
	(39, 78, 0, 'Huawei P40 Pro', 'Description for Huawei P40 Pro - This is a longer description for the product. It includes more details about the features and specifications of the Huawei P40 Pro to provide a comprehensive understanding.', 0, '2024-01-07 11:24:44', '2024-01-07 11:24:45', NULL),
	(40, 69, 0, 'HTC U12+', 'Description for HTC U12+ - This is a longer description for the product. It includes more details about the features and specifications of the HTC U12+ to provide a comprehensive understanding.', 1, '2024-01-07 11:31:49', '2024-01-07 11:34:49', NULL),
	(41, 88, 0, 'Harman Kardon Onyx Studio 6', 'Description for Harman Kardon Onyx Studio 6 - This is a longer description for the product. It includes more details about the features and specifications of the Harman Kardon Onyx Studio 6 to provide a comprehensive understanding.', 0, '2024-01-07 11:39:36', '2024-01-07 11:39:36', NULL),
	(42, 95, 0, 'Devialet Phantom Reactor 600', 'Description for Devialet Phantom Reactor 600 - This is a longer description for the product. It includes more details about the features and specifications of the Devialet Phantom Reactor 600 to provide a comprehensive understanding.', 0, '2024-01-07 11:39:36', '2024-01-07 11:39:37', NULL),
	(43, 105, 0, 'Bowers & Wilkins Formation Wedge', 'Description for Bowers & Wilkins Formation Wedge - This is a longer description for the product. It includes more details about the features and specifications of the Bowers & Wilkins Formation Wedge to provide a comprehensive understanding.', 0, '2024-01-07 11:39:37', '2024-01-07 11:39:37', NULL),
	(44, 92, 0, 'Bose SoundLink Color II', 'Description for Bose SoundLink Color II - This is a longer description for the product. It includes more details about the features and specifications of the Bose SoundLink Color II to provide a comprehensive understanding.', 2, '2024-01-07 11:39:37', '2024-01-07 13:16:14', NULL),
	(45, 98, 1, 'Bose SoundTouch 30', 'Description for Bose SoundTouch 30 - This is a longer description for the product. It includes more details about the features and specifications of the Bose SoundTouch 30 to provide a comprehensive understanding.', 0, '2024-01-07 11:39:38', '2024-01-07 13:12:37', NULL),
	(46, 97, 0, 'LG XBoom Go PK7', 'Description for LG XBoom Go PK7 - This is a longer description for the product. It includes more details about the features and specifications of the LG XBoom Go PK7 to provide a comprehensive understanding.', 0, '2024-01-07 11:39:38', '2024-01-07 11:39:39', NULL),
	(47, 89, 0, 'Apple HomePod Mini', 'Description for Apple HomePod Mini - This is a longer description for the product. It includes more details about the features and specifications of the Apple HomePod Mini to provide a comprehensive understanding.', 0, '2024-01-07 11:39:39', '2024-01-07 11:39:40', NULL),
	(48, 90, 0, 'Google Nest Audio', 'Description for Google Nest Audio - This is a longer description for the product. It includes more details about the features and specifications of the Google Nest Audio to provide a comprehensive understanding.', 0, '2024-01-07 11:39:40', '2024-01-07 11:39:40', NULL),
	(49, 88, 0, 'Harman Kardon Onyx Studio 6', 'Description for Harman Kardon Onyx Studio 6 - This is a longer description for the product. It includes more details about the features and specifications of the Harman Kardon Onyx Studio 6 to provide a comprehensive understanding.', 0, '2024-01-07 11:39:40', '2024-01-07 11:39:41', NULL),
	(50, 98, 1, 'Bowers & Wilkins Formation Wedge', 'Description for Bowers & Wilkins Formation Wedge - This is a longer description for the product. It includes more details about the features and specifications of the Bowers & Wilkins Formation Wedge to provide a comprehensive understanding.', 0, '2024-01-07 11:39:41', '2024-01-07 13:12:39', NULL),
	(51, 105, 0, 'Bowers & Wilkins Formation Wedge', 'Description for Bowers & Wilkins Formation Wedge - This is a longer description for the product. It includes more details about the features and specifications of the Bowers & Wilkins Formation Wedge to provide a comprehensive understanding.', 0, '2024-01-07 11:39:42', '2024-01-07 11:39:42', NULL),
	(52, 101, 0, 'Devialet Phantom Reactor 600', 'Description for Devialet Phantom Reactor 600 - This is a longer description for the product. It includes more details about the features and specifications of the Devialet Phantom Reactor 600 to provide a comprehensive understanding.', 3, '2024-01-07 11:39:42', '2024-01-07 13:16:21', NULL),
	(53, 97, 0, 'Bose SoundTouch 30', 'Description for Bose SoundTouch 30 - This is a longer description for the product. It includes more details about the features and specifications of the Bose SoundTouch 30 to provide a comprehensive understanding.', 0, '2024-01-07 11:39:43', '2024-01-07 11:39:43', NULL),
	(54, 91, 0, 'Harman Kardon Onyx Studio 6', 'Description for Harman Kardon Onyx Studio 6 - This is a longer description for the product. It includes more details about the features and specifications of the Harman Kardon Onyx Studio 6 to provide a comprehensive understanding.', 0, '2024-01-07 11:39:43', '2024-01-07 11:39:44', NULL),
	(55, 98, 0, 'Sonos One', 'Description for Sonos One - This is a longer description for the product. It includes more details about the features and specifications of the Sonos One to provide a comprehensive understanding.', 0, '2024-01-07 11:39:44', '2024-01-07 11:39:45', NULL),
	(56, 111, 0, 'Bose SoundTouch 30', 'Description for Bose SoundTouch 30 - This is a longer description for the product. It includes more details about the features and specifications of the Bose SoundTouch 30 to provide a comprehensive understanding.', 0, '2024-01-07 11:40:03', '2024-01-07 11:40:02', NULL),
	(57, 89, 0, 'Bowers & Wilkins Formation Wedge', 'Description for Bowers & Wilkins Formation Wedge - This is a longer description for the product. It includes more details about the features and specifications of the Bowers & Wilkins Formation Wedge to provide a comprehensive understanding.', 0, '2024-01-07 11:40:03', '2024-01-07 11:40:04', NULL),
	(58, 106, 1, 'JBL Charge 5', 'Description for JBL Charge 5 - This is a longer description for the product. It includes more details about the features and specifications of the JBL Charge 5 to provide a comprehensive understanding.', 4, '2024-01-07 11:40:04', '2024-01-07 13:16:27', NULL),
	(59, 110, 0, 'Bose SoundTouch 30', 'Description for Bose SoundTouch 30 - This is a longer description for the product. It includes more details about the features and specifications of the Bose SoundTouch 30 to provide a comprehensive understanding.', 0, '2024-01-07 11:40:05', '2024-01-07 11:40:05', NULL),
	(60, 90, 0, 'Bowers & Wilkins Formation Wedge', 'Description for Bowers & Wilkins Formation Wedge - This is a longer description for the product. It includes more details about the features and specifications of the Bowers & Wilkins Formation Wedge to provide a comprehensive understanding.', 0, '2024-01-07 11:40:06', '2024-01-07 11:40:07', NULL),
	(61, 123, 0, 'OnePlus 9 Pro Silicone Protective Case', 'Description for OnePlus 9 Pro Silicone Protective Case - This is a longer description for the product. It includes more details about the features and specifications of the OnePlus 9 Pro Silicone Protective Case to provide a comprehensive understanding.', 0, '2024-01-07 13:08:38', '2024-01-07 13:08:38', NULL),
	(62, 125, 1, 'Nokia 9 PureView Carbon Fiber Case', 'Description for Nokia 9 PureView Carbon Fiber Case - This is a longer description for the product. It includes more details about the features and specifications of the Nokia 9 PureView Carbon Fiber Case to provide a comprehensive understanding.', 0, '2024-01-07 13:08:39', '2024-01-07 13:12:34', NULL),
	(63, 121, 0, 'BlackBerry Key2 Holster Belt Clip Case', 'Description for BlackBerry Key2 Holster Belt Clip Case - This is a longer description for the product. It includes more details about the features and specifications of the BlackBerry Key2 Holster Belt Clip Case to provide a comprehensive understanding.', 0, '2024-01-07 13:08:38', '2024-01-07 13:08:39', NULL),
	(64, 126, 0, 'Sony Xperia 1 III Leather Wallet Case', 'Description for Sony Xperia 1 III Leather Wallet Case - This is a longer description for the product. It includes more details about the features and specifications of the Sony Xperia 1 III Leather Wallet Case to provide a comprehensive understanding.', 0, '2024-01-07 13:08:40', '2024-01-07 13:08:40', NULL),
	(65, 131, 0, 'Google Pixel 6 Stylish Slim Case', 'Description for Google Pixel 6 Stylish Slim Case - This is a longer description for the product. It includes more details about the features and specifications of the Google Pixel 6 Stylish Slim Case to provide a comprehensive understanding.', 3, '2024-01-07 13:08:40', '2024-01-07 13:15:33', NULL),
	(66, 125, 0, 'ESR Metal Kickstand Case for Google Pixel 6 Pro', 'Description for ESR Metal Kickstand Case for Google Pixel 6 Pro - This is a longer description for the product. It includes more details about the features and specifications of the ESR Metal Kickstand Case for Google Pixel 6 Pro to provide a comprehensive understanding.', 0, '2024-01-07 13:08:41', '2024-01-07 13:08:41', NULL),
	(67, 118, 0, 'Spigen Ultra Hybrid Compatible with iPhone 13 Pro', 'Description for Spigen Ultra Hybrid Compatible with iPhone 13 Pro - This is a longer description for the product. It includes more details about the features and specifications of the Spigen Ultra Hybrid Compatible with iPhone 13 Pro to provide a comprehensive understanding.', 0, '2024-01-07 13:08:41', '2024-01-07 13:08:42', NULL),
	(68, 123, 0, 'OnePlus 9 Pro Silicone Protective Case', 'Description for OnePlus 9 Pro Silicone Protective Case - This is a longer description for the product. It includes more details about the features and specifications of the OnePlus 9 Pro Silicone Protective Case to provide a comprehensive understanding.', 0, '2024-01-07 13:08:42', '2024-01-07 13:08:42', NULL),
	(69, 129, 0, 'Huawei P40 Pro Clear Bumper Case', 'Description for Huawei P40 Pro Clear Bumper Case - This is a longer description for the product. It includes more details about the features and specifications of the Huawei P40 Pro Clear Bumper Case to provide a comprehensive understanding.', 0, '2024-01-07 13:08:43', '2024-01-07 13:08:43', NULL),
	(70, 126, 0, 'Sony Xperia 1 III Leather Wallet Case', 'Description for Sony Xperia 1 III Leather Wallet Case - This is a longer description for the product. It includes more details about the features and specifications of the Sony Xperia 1 III Leather Wallet Case to provide a comprehensive understanding.', 2, '2024-01-07 13:08:43', '2024-01-07 13:15:25', NULL),
	(71, 132, 0, 'Asus Zenfone 8 Shockproof Bumper Case', 'Description for Asus Zenfone 8 Shockproof Bumper Case - This is a longer description for the product. It includes more details about the features and specifications of the Asus Zenfone 8 Shockproof Bumper Case to provide a comprehensive understanding.', 0, '2024-01-07 13:08:46', '2024-01-07 13:08:46', NULL),
	(72, 138, 1, 'ESR Metal Kickstand Case for Google Pixel 6 Pro', 'Description for ESR Metal Kickstand Case for Google Pixel 6 Pro - This is a longer description for the product. It includes more details about the features and specifications of the ESR Metal Kickstand Case for Google Pixel 6 Pro to provide a comprehensive understanding.', 0, '2024-01-07 13:08:46', '2024-01-07 13:12:32', NULL),
	(73, 118, 0, 'Caseology Parallax for LG Velvet', 'Description for Caseology Parallax for LG Velvet - This is a longer description for the product. It includes more details about the features and specifications of the Caseology Parallax for LG Velvet to provide a comprehensive understanding.', 0, '2024-01-07 13:08:44', '2024-01-07 13:08:44', NULL),
	(74, 124, 0, 'Oppo Find X3 Pro Transparent Silicone Case', 'Description for Oppo Find X3 Pro Transparent Silicone Case - This is a longer description for the product. It includes more details about the features and specifications of the Oppo Find X3 Pro Transparent Silicone Case to provide a comprehensive understanding.', 0, '2024-01-07 13:08:48', '2024-01-07 13:08:48', NULL),
	(75, 137, 1, 'Motorola Edge+ Slim Fit Case', 'Description for Motorola Edge+ Slim Fit Case - This is a longer description for the product. It includes more details about the features and specifications of the Motorola Edge+ Slim Fit Case to provide a comprehensive understanding.', 0, '2024-01-07 13:08:47', '2024-01-07 13:12:33', NULL),
	(76, 123, 0, 'BlackBerry Key2 Holster Belt Clip Case', 'Description for BlackBerry Key2 Holster Belt Clip Case - This is a longer description for the product. It includes more details about the features and specifications of the BlackBerry Key2 Holster Belt Clip Case to provide a comprehensive understanding.', 0, '2024-01-07 13:08:48', '2024-01-07 13:08:48', NULL),
	(77, 133, 0, 'Caseology Parallax for LG Velvet', 'Description for Caseology Parallax for LG Velvet - This is a longer description for the product. It includes more details about the features and specifications of the Caseology Parallax for LG Velvet to provide a comprehensive understanding.', 0, '2024-01-07 13:08:51', '2024-01-07 13:08:53', NULL),
	(78, 125, 1, 'OnePlus 9 Pro Silicone Protective Case', 'Description for OnePlus 9 Pro Silicone Protective Case - This is a longer description for the product. It includes more details about the features and specifications of the OnePlus 9 Pro Silicone Protective Case to provide a comprehensive understanding.', 0, '2024-01-07 13:08:50', '2024-01-07 13:12:30', NULL),
	(79, 117, 0, 'Spigen Ultra Hybrid Compatible with iPhone 13 Pro', 'Description for Spigen Ultra Hybrid Compatible with iPhone 13 Pro - This is a longer description for the product. It includes more details about the features and specifications of the Spigen Ultra Hybrid Compatible with iPhone 13 Pro to provide a comprehensive understanding.', 1, '2024-01-07 13:08:50', '2024-01-07 13:15:07', NULL),
	(80, 126, 0, 'HTC U12+ Anti-Scratch Protective Cover', 'Description for HTC U12+ Anti-Scratch Protective Cover - This is a longer description for the product. It includes more details about the features and specifications of the HTC U12+ Anti-Scratch Protective Cover to provide a comprehensive understanding.', 0, '2024-01-07 13:08:49', '2024-01-07 13:08:49', NULL);
/*!40000 ALTER TABLE `products` ENABLE KEYS */;

-- Dumping structure for table shop.product_images
CREATE TABLE IF NOT EXISTS `product_images` (
  `id` int NOT NULL AUTO_INCREMENT,
  `product_id` int DEFAULT '0',
  `image` varchar(255) DEFAULT NULL,
  `created_at` timestamp NULL DEFAULT NULL,
  `updated_at` timestamp NULL DEFAULT NULL ON UPDATE CURRENT_TIMESTAMP,
  PRIMARY KEY (`id`)
) ENGINE=MyISAM AUTO_INCREMENT=490 DEFAULT CHARSET=utf8mb4 COLLATE=utf8mb4_0900_ai_ci;

-- Dumping data for table shop.product_images: 489 rows
DELETE FROM `product_images`;
/*!40000 ALTER TABLE `product_images` DISABLE KEYS */;
INSERT INTO `product_images` (`id`, `product_id`, `image`, `created_at`, `updated_at`) VALUES
	(1, 1, 'laptop_mac_1_1.webp', '2024-01-07 04:46:59', '2024-01-07 04:46:59'),
	(2, 1, 'laptop_mac_1_2.webp', '2024-01-07 04:46:59', '2024-01-07 04:47:10'),
	(3, 1, 'laptop_mac_1_3.webp', '2024-01-07 04:46:59', '2024-01-07 04:47:14'),
	(4, 1, 'laptop_mac_1_4.webp', '2024-01-07 04:46:59', '2024-01-07 04:47:17'),
	(5, 1, 'laptop_mac_1_5.webp', '2024-01-07 04:46:59', '2024-01-07 04:47:17'),
	(6, 1, 'laptop_mac_1_6.webp', '2024-01-07 04:46:59', '2024-01-07 04:47:17'),
	(7, 2, 'laptop_mac_2_1.webp', '2024-01-07 04:46:59', '2024-01-07 04:48:04'),
	(8, 2, 'laptop_mac_2_2.webp', '2024-01-07 04:46:59', '2024-01-07 04:48:32'),
	(9, 2, 'laptop_mac_2_3.webp', '2024-01-07 04:46:59', '2024-01-07 04:48:36'),
	(10, 2, 'laptop_mac_2_4.webp', '2024-01-07 04:46:59', '2024-01-07 04:48:40'),
	(11, 2, 'laptop_mac_2_5.webp', '2024-01-07 04:46:59', '2024-01-07 04:48:44'),
	(12, 2, 'laptop_mac_2_6.webp', '2024-01-07 04:46:59', '2024-01-07 04:48:47'),
	(13, 2, 'laptop_mac_2_7.webp', '2024-01-07 04:46:59', '2024-01-07 04:48:55'),
	(14, 2, 'laptop_mac_2_8.webp', '2024-01-07 04:46:59', '2024-01-07 04:49:59'),
	(15, 3, 'laptop_mac_1_1.webp', '2024-01-07 04:46:59', '2024-01-07 05:17:38'),
	(16, 3, 'laptop_mac_1_2.webp', '2024-01-07 04:46:59', '2024-01-07 05:17:58'),
	(17, 3, 'laptop_mac_1_3.webp', '2024-01-07 04:46:59', '2024-01-07 04:50:14'),
	(18, 3, 'laptop_mac_1_4.webp', '2024-01-07 04:46:59', '2024-01-07 04:50:29'),
	(19, 3, 'laptop_mac_1_5.webp', '2024-01-07 04:46:59', '2024-01-07 04:50:32'),
	(20, 3, 'laptop_mac_1_6.webp', '2024-01-07 04:46:59', '2024-01-07 04:50:32'),
	(21, 4, 'laptop_mac_2_1.webp', '2024-01-07 04:46:59', '2024-01-07 05:26:30'),
	(22, 4, 'laptop_mac_2_2.webp', '2024-01-07 04:46:59', '2024-01-07 05:27:36'),
	(23, 4, 'laptop_mac_2_3.webp', '2024-01-07 04:46:59', '2024-01-07 05:27:42'),
	(24, 4, 'laptop_mac_2_4.webp', '2024-01-07 04:46:59', '2024-01-07 05:27:47'),
	(25, 4, 'laptop_mac_2_5.webp', '2024-01-07 04:46:59', '2024-01-07 05:27:54'),
	(26, 4, 'laptop_mac_2_6.webp', '2024-01-07 04:46:59', '2024-01-07 05:27:57'),
	(27, 4, 'laptop_mac_2_7.webp', '2024-01-07 04:46:59', '2024-01-07 05:28:01'),
	(28, 4, 'laptop_mac_2_8.webp', '2024-01-07 04:46:59', '2024-01-07 05:28:04'),
	(29, 5, 'laptop_mac_1_1.webp', '2024-01-07 04:46:59', '2024-01-07 05:28:16'),
	(30, 5, 'laptop_mac_1_2.webp', '2024-01-07 04:46:59', '2024-01-07 05:28:20'),
	(31, 5, 'laptop_mac_1_3.webp', '2024-01-07 04:46:59', '2024-01-07 05:28:26'),
	(32, 5, 'laptop_mac_1_4.webp', '2024-01-07 04:46:59', '2024-01-07 05:28:31'),
	(33, 5, 'laptop_mac_1_5.webp', '2024-01-07 04:46:59', '2024-01-07 05:28:35'),
	(34, 5, 'laptop_mac_1_6.webp', '2024-01-07 04:46:59', '2024-01-07 05:10:27'),
	(35, 6, 'laptop_mac_2_1.webp', '2024-01-07 04:46:59', '2024-01-07 05:29:20'),
	(36, 6, 'laptop_mac_2_2.webp', '2024-01-07 04:46:59', '2024-01-07 05:29:23'),
	(37, 6, 'laptop_mac_2_3.webp', '2024-01-07 04:46:59', '2024-01-07 05:29:27'),
	(38, 6, 'laptop_mac_2_4.webp', '2024-01-07 04:46:59', '2024-01-07 05:29:31'),
	(39, 6, 'laptop_mac_2_5.webp', '2024-01-07 04:46:59', '2024-01-07 05:29:36'),
	(40, 6, 'laptop_mac_2_6.webp', '2024-01-07 04:46:59', '2024-01-07 05:29:39'),
	(41, 6, 'laptop_mac_2_7.webp', '2024-01-07 04:46:59', '2024-01-07 05:29:43'),
	(42, 6, 'laptop_mac_2_8.webp', '2024-01-07 04:46:59', '2024-01-07 05:29:46'),
	(43, 7, 'laptop_mac_1_6.webp', '2024-01-07 04:46:59', '2024-01-07 05:11:01'),
	(44, 7, 'laptop_mac_1_6.webp', '2024-01-07 04:46:59', '2024-01-07 05:11:01'),
	(45, 7, 'laptop_mac_1_6.webp', '2024-01-07 04:46:59', '2024-01-07 05:11:01'),
	(46, 7, 'laptop_mac_1_6.webp', '2024-01-07 04:46:59', '2024-01-07 05:11:01'),
	(47, 7, 'laptop_mac_1_6.webp', '2024-01-07 04:46:59', '2024-01-07 05:11:01'),
	(48, 7, 'laptop_mac_1_6.webp', '2024-01-07 04:46:59', '2024-01-07 05:11:01'),
	(49, 8, 'laptop_mac_1_6.webp', '2024-01-07 04:46:59', '2024-01-07 05:11:49'),
	(50, 8, 'laptop_mac_1_6.webp', '2024-01-07 04:46:59', '2024-01-07 05:11:33'),
	(51, 8, 'laptop_mac_1_6.webp', '2024-01-07 04:46:59', '2024-01-07 05:11:33'),
	(52, 8, 'laptop_mac_1_6.webp', '2024-01-07 04:46:59', '2024-01-07 05:11:33'),
	(53, 8, 'laptop_mac_1_6.webp', '2024-01-07 04:46:59', '2024-01-07 05:11:33'),
	(54, 8, 'laptop_mac_1_6.webp', '2024-01-07 04:46:59', '2024-01-07 05:11:33'),
	(55, 8, 'laptop_mac_1_6.webp', '2024-01-07 04:46:59', '2024-01-07 05:11:33'),
	(56, 8, 'laptop_mac_1_6.webp', '2024-01-07 04:46:59', '2024-01-07 05:11:33'),
	(57, 9, 'laptop_mac_1_6.webp', '2024-01-07 04:46:59', '2024-01-07 05:11:58'),
	(58, 9, 'laptop_mac_1_6.webp', '2024-01-07 04:46:59', '2024-01-07 05:11:58'),
	(59, 9, 'laptop_mac_1_6.webp', '2024-01-07 04:46:59', '2024-01-07 05:11:58'),
	(60, 9, 'laptop_mac_1_6.webp', '2024-01-07 04:46:59', '2024-01-07 05:11:58'),
	(61, 9, 'laptop_mac_1_6.webp', '2024-01-07 04:46:59', '2024-01-07 05:11:58'),
	(62, 9, 'laptop_mac_1_6.webp', '2024-01-07 04:46:59', '2024-01-07 05:11:58'),
	(63, 10, 'laptop_mac_1_6.webp', '2024-01-07 04:46:59', '2024-01-07 05:11:58'),
	(64, 10, 'laptop_mac_1_6.webp', '2024-01-07 04:46:59', '2024-01-07 05:11:58'),
	(65, 10, 'laptop_mac_1_6.webp', '2024-01-07 04:46:59', '2024-01-07 05:11:58'),
	(66, 10, 'laptop_mac_1_6.webp', '2024-01-07 04:46:59', '2024-01-07 05:11:58'),
	(67, 10, 'laptop_mac_1_6.webp', '2024-01-07 04:46:59', '2024-01-07 05:11:58'),
	(68, 10, 'laptop_mac_1_6.webp', '2024-01-07 04:46:59', '2024-01-07 05:11:58'),
	(69, 10, 'laptop_mac_1_6.webp', '2024-01-07 04:46:59', '2024-01-07 05:11:58'),
	(70, 10, 'laptop_mac_1_6.webp', '2024-01-07 04:46:59', '2024-01-07 05:11:58'),
	(71, 11, 'laptop_mac_1_6.webp', '2024-01-07 04:46:59', '2024-01-07 05:11:58'),
	(72, 11, 'laptop_mac_1_6.webp', '2024-01-07 04:46:59', '2024-01-07 05:11:58'),
	(73, 11, 'laptop_mac_1_6.webp', '2024-01-07 04:46:59', '2024-01-07 05:11:58'),
	(74, 11, 'laptop_mac_1_6.webp', '2024-01-07 04:46:59', '2024-01-07 05:11:58'),
	(75, 11, 'laptop_mac_1_6.webp', '2024-01-07 04:46:59', '2024-01-07 05:11:58'),
	(76, 11, 'laptop_mac_1_6.webp', '2024-01-07 04:46:59', '2024-01-07 05:11:58'),
	(77, 12, 'laptop_mac_1_6.webp', '2024-01-07 04:46:59', '2024-01-07 05:11:58'),
	(78, 12, 'laptop_mac_1_6.webp', '2024-01-07 04:46:59', '2024-01-07 05:11:58'),
	(79, 12, 'laptop_mac_1_6.webp', '2024-01-07 04:46:59', '2024-01-07 05:11:58'),
	(80, 12, 'laptop_mac_1_6.webp', '2024-01-07 04:46:59', '2024-01-07 05:11:58'),
	(81, 12, 'laptop_mac_1_6.webp', '2024-01-07 04:46:59', '2024-01-07 05:11:58'),
	(82, 12, 'laptop_mac_1_6.webp', '2024-01-07 04:46:59', '2024-01-07 05:11:58'),
	(83, 12, 'laptop_mac_1_6.webp', '2024-01-07 04:46:59', '2024-01-07 05:11:58'),
	(84, 12, 'laptop_mac_1_6.webp', '2024-01-07 04:46:59', '2024-01-07 05:11:58'),
	(85, 13, 'laptop_mac_1_6.webp', '2024-01-07 04:46:59', '2024-01-07 05:11:58'),
	(86, 13, 'laptop_mac_1_6.webp', '2024-01-07 04:46:59', '2024-01-07 05:11:58'),
	(87, 13, 'laptop_mac_1_6.webp', '2024-01-07 04:46:59', '2024-01-07 05:11:58'),
	(88, 13, 'laptop_mac_1_6.webp', '2024-01-07 04:46:59', '2024-01-07 05:11:58'),
	(89, 13, 'laptop_mac_1_6.webp', '2024-01-07 04:46:59', '2024-01-07 05:11:58'),
	(90, 13, 'laptop_mac_1_6.webp', '2024-01-07 04:46:59', '2024-01-07 05:11:58'),
	(91, 14, 'laptop_mac_1_6.webp', '2024-01-07 04:46:59', '2024-01-07 05:11:58'),
	(92, 14, 'laptop_mac_1_6.webp', '2024-01-07 04:46:59', '2024-01-07 05:11:58'),
	(93, 14, 'laptop_mac_1_6.webp', '2024-01-07 04:46:59', '2024-01-07 05:11:58'),
	(94, 14, 'laptop_mac_1_6.webp', '2024-01-07 04:46:59', '2024-01-07 05:11:58'),
	(95, 14, 'laptop_mac_1_6.webp', '2024-01-07 04:46:59', '2024-01-07 05:11:58'),
	(96, 14, 'laptop_mac_1_6.webp', '2024-01-07 04:46:59', '2024-01-07 05:11:58'),
	(97, 14, 'laptop_mac_1_6.webp', '2024-01-07 04:46:59', '2024-01-07 05:11:58'),
	(98, 14, 'laptop_mac_1_6.webp', '2024-01-07 04:46:59', '2024-01-07 05:11:58'),
	(99, 14, 'laptop_mac_1_6.webp', '2024-01-07 04:46:59', '2024-01-07 05:11:58'),
	(100, 15, 'laptop_mac_1_6.webp', '2024-01-07 04:46:59', '2024-01-07 05:11:58'),
	(101, 15, 'laptop_mac_1_6.webp', '2024-01-07 04:46:59', '2024-01-07 05:11:58'),
	(102, 15, 'laptop_mac_1_6.webp', '2024-01-07 04:46:59', '2024-01-07 05:11:58'),
	(103, 15, 'laptop_mac_1_6.webp', '2024-01-07 04:46:59', '2024-01-07 05:11:58'),
	(104, 15, 'laptop_mac_1_6.webp', '2024-01-07 04:46:59', '2024-01-07 05:11:58'),
	(105, 15, 'laptop_mac_1_6.webp', '2024-01-07 04:46:59', '2024-01-07 05:11:58'),
	(106, 16, 'laptop_mac_1_6.webp', '2024-01-07 04:46:59', '2024-01-07 05:13:34'),
	(107, 16, 'laptop_mac_1_6.webp', '2024-01-07 04:46:59', '2024-01-07 05:13:34'),
	(108, 16, 'laptop_mac_1_6.webp', '2024-01-07 04:46:59', '2024-01-07 05:13:34'),
	(109, 16, 'laptop_mac_1_6.webp', '2024-01-07 04:46:59', '2024-01-07 05:13:34'),
	(110, 16, 'laptop_mac_1_6.webp', '2024-01-07 04:46:59', '2024-01-07 05:13:34'),
	(111, 16, 'laptop_mac_1_6.webp', '2024-01-07 04:46:59', '2024-01-07 05:13:34'),
	(112, 17, 'laptop_mac_1_6.webp', '2024-01-07 04:46:59', '2024-01-07 05:13:34'),
	(113, 17, 'laptop_mac_1_6.webp', '2024-01-07 04:46:59', '2024-01-07 05:13:34'),
	(114, 17, 'laptop_mac_1_6.webp', '2024-01-07 04:46:59', '2024-01-07 05:13:34'),
	(115, 17, 'laptop_mac_1_6.webp', '2024-01-07 04:46:59', '2024-01-07 05:13:34'),
	(116, 17, 'laptop_mac_1_6.webp', '2024-01-07 04:46:59', '2024-01-07 05:13:34'),
	(117, 17, 'laptop_mac_1_6.webp', '2024-01-07 04:46:59', '2024-01-07 05:13:34'),
	(118, 17, 'laptop_mac_1_6.webp', '2024-01-07 04:46:59', '2024-01-07 05:13:34'),
	(119, 17, 'laptop_mac_1_6.webp', '2024-01-07 04:46:59', '2024-01-07 05:13:34'),
	(120, 17, 'laptop_mac_1_6.webp', '2024-01-07 04:46:59', '2024-01-07 05:13:34'),
	(121, 18, 'laptop_mac_1_6.webp', '2024-01-07 04:46:59', '2024-01-07 05:13:34'),
	(122, 18, 'laptop_mac_1_6.webp', '2024-01-07 04:46:59', '2024-01-07 05:13:34'),
	(123, 18, 'laptop_mac_1_6.webp', '2024-01-07 04:46:59', '2024-01-07 05:13:34'),
	(124, 18, 'laptop_mac_1_6.webp', '2024-01-07 04:46:59', '2024-01-07 05:13:34'),
	(125, 18, 'laptop_mac_1_6.webp', '2024-01-07 04:46:59', '2024-01-07 05:13:34'),
	(126, 18, 'laptop_mac_1_6.webp', '2024-01-07 04:46:59', '2024-01-07 05:13:34'),
	(127, 19, 'iphone_2_1.webp', '2024-01-07 04:46:59', '2024-01-07 11:07:45'),
	(128, 19, 'iphone_2_2.webp', '2024-01-07 04:46:59', '2024-01-07 11:07:50'),
	(129, 19, 'iphone_2_3.webp', '2024-01-07 04:46:59', '2024-01-07 11:07:55'),
	(130, 19, 'iphone_2_4.webp', '2024-01-07 04:46:59', '2024-01-07 11:08:01'),
	(131, 19, 'iphone_2_5.webp', '2024-01-07 04:46:59', '2024-01-07 11:08:08'),
	(132, 19, 'iphone_2_6.webp', '2024-01-07 04:46:59', '2024-01-07 11:08:15'),
	(133, 19, 'iphone_2_7.webp', '2024-01-07 04:46:59', '2024-01-07 11:08:21'),
	(134, 19, 'iphone_2_8.webp', '2024-01-07 04:46:59', '2024-01-07 11:08:25'),
	(135, 20, 'iphone_2_9.webp', '2024-01-07 04:46:59', '2024-01-07 11:08:30'),
	(136, 20, 'iphone_2_10.webp', '2024-01-07 04:46:59', '2024-01-07 11:08:37'),
	(137, 20, 'iphone_2_11.webp', '2024-01-07 04:46:59', '2024-01-07 11:08:40'),
	(138, 20, 'iphone_2_12.webp', '2024-01-07 04:46:59', '2024-01-07 11:08:43'),
	(139, 20, 'iphone_2_13.webp', '2024-01-07 04:46:59', '2024-01-07 11:08:48'),
	(140, 20, 'iphone_2_14.webp', '2024-01-07 04:46:59', '2024-01-07 11:08:51'),
	(141, 21, 'iphone_2_15.webp', '2024-01-07 04:46:59', '2024-01-07 11:08:55'),
	(142, 21, 'iphone_2_16.webp', '2024-01-07 04:46:59', '2024-01-07 11:09:04'),
	(143, 21, 'iphone_2_17.webp', '2024-01-07 04:46:59', '2024-01-07 11:09:26'),
	(144, 21, 'iphone_2_18.webp', '2024-01-07 04:46:59', '2024-01-07 11:09:29'),
	(145, 21, 'iphone_2_19.webp', '2024-01-07 04:46:59', '2024-01-07 11:09:33'),
	(146, 21, 'iphone_2_20.webp', '2024-01-07 04:46:59', '2024-01-07 11:09:39'),
	(147, 21, 'iphone_2_21.webp', '2024-01-07 04:46:59', '2024-01-07 11:09:44'),
	(148, 21, 'iphone_2_22.webp', '2024-01-07 04:46:59', '2024-01-07 11:09:52'),
	(149, 22, 'iphone_2_23.webp', '2024-01-07 04:46:59', '2024-01-07 11:09:56'),
	(150, 22, 'iphone_2_24.webp', '2024-01-07 04:46:59', '2024-01-07 11:10:02'),
	(151, 22, 'iphone_2_25.webp', '2024-01-07 04:46:59', '2024-01-07 11:10:06'),
	(152, 22, 'iphone_2_26.webp', '2024-01-07 04:46:59', '2024-01-07 11:10:10'),
	(153, 22, 'iphone_2_27.webp', '2024-01-07 04:46:59', '2024-01-07 11:10:15'),
	(154, 22, 'iphone_2_28.webp', '2024-01-07 04:46:59', '2024-01-07 11:10:22'),
	(155, 23, 'iphone_2_29.webp', '2024-01-07 04:46:59', '2024-01-07 11:10:26'),
	(156, 23, 'iphone_2_30.webp', '2024-01-07 04:46:59', '2024-01-07 11:10:33'),
	(157, 23, 'iphone_2_31.webp', '2024-01-07 04:46:59', '2024-01-07 11:10:38'),
	(158, 23, 'iphone_2_32.webp', '2024-01-07 04:46:59', '2024-01-07 11:10:42'),
	(159, 23, 'iphone_2_33.webp', '2024-01-07 04:46:59', '2024-01-07 11:10:46'),
	(160, 23, 'iphone_2_34.webp', '2024-01-07 04:46:59', '2024-01-07 11:10:51'),
	(161, 23, 'iphone_2_35.webp', '2024-01-07 04:46:59', '2024-01-07 11:10:58'),
	(162, 23, 'iphone_2_36.webp', '2024-01-07 04:46:59', '2024-01-07 11:11:03'),
	(163, 24, 'iphone_2_37.webp', '2024-01-07 04:46:59', '2024-01-07 11:11:09'),
	(164, 24, 'iphone_2_38.webp', '2024-01-07 04:46:59', '2024-01-07 11:11:13'),
	(165, 24, 'iphone_2_39.webp', '2024-01-07 04:46:59', '2024-01-07 11:11:17'),
	(166, 24, 'iphone_2_40.webp', '2024-01-07 04:46:59', '2024-01-07 11:11:21'),
	(167, 24, 'iphone_2_41.webp', '2024-01-07 04:46:59', '2024-01-07 11:11:27'),
	(168, 24, 'iphone_2_42.webp', '2024-01-07 04:46:59', '2024-01-07 11:11:35'),
	(169, 25, 'iphone_2_43.webp', '2024-01-07 04:46:59', '2024-01-07 11:11:41'),
	(170, 25, 'iphone_2_44.webp', '2024-01-07 04:46:59', '2024-01-07 11:11:45'),
	(171, 25, 'iphone_2_45.webp', '2024-01-07 04:46:59', '2024-01-07 11:11:50'),
	(172, 25, 'iphone_2_46.webp', '2024-01-07 04:46:59', '2024-01-07 11:11:54'),
	(173, 25, 'iphone_2_47.webp', '2024-01-07 04:46:59', '2024-01-07 11:11:59'),
	(174, 25, 'iphone_2_48.webp', '2024-01-07 04:46:59', '2024-01-07 11:12:03'),
	(175, 25, 'iphone_2_49.webp', '2024-01-07 04:46:59', '2024-01-07 11:12:08'),
	(176, 25, 'iphone_2_50.webp', '2024-01-07 04:46:59', '2024-01-07 11:12:13'),
	(177, 26, 'iphone_2_51.webp', '2024-01-07 04:46:59', '2024-01-07 11:12:23'),
	(178, 26, 'iphone_2_1.webp', '2024-01-07 04:46:59', '2024-01-07 11:12:26'),
	(179, 26, 'iphone_2_2.webp', '2024-01-07 04:46:59', '2024-01-07 11:12:30'),
	(180, 26, 'iphone_2_3.webp', '2024-01-07 04:46:59', '2024-01-07 11:12:35'),
	(181, 26, 'iphone_2_4.webp', '2024-01-07 04:46:59', '2024-01-07 11:12:41'),
	(182, 26, 'iphone_2_5.webp', '2024-01-07 04:46:59', '2024-01-07 11:12:45'),
	(183, 27, 'iphone_2_6.webp', '2024-01-07 04:46:59', '2024-01-07 11:12:52'),
	(184, 27, 'iphone_2_7.webp', '2024-01-07 04:46:59', '2024-01-07 11:12:58'),
	(185, 27, 'iphone_2_8.webp', '2024-01-07 04:46:59', '2024-01-07 11:13:04'),
	(186, 27, 'iphone_2_9.webp', '2024-01-07 04:46:59', '2024-01-07 11:13:08'),
	(187, 27, 'iphone_2_10.webp', '2024-01-07 04:46:59', '2024-01-07 11:13:13'),
	(188, 27, 'iphone_2_11.webp', '2024-01-07 04:46:59', '2024-01-07 11:13:17'),
	(189, 27, 'iphone_2_12.webp', '2024-01-07 04:46:59', '2024-01-07 11:13:20'),
	(190, 27, 'iphone_2_13.webp', '2024-01-07 04:46:59', '2024-01-07 11:13:23'),
	(191, 28, 'iphone_2_1.webp', '2024-01-07 04:46:59', '2024-01-07 11:21:12'),
	(192, 28, 'iphone_2_2.webp', '2024-01-07 04:46:59', '2024-01-07 11:21:15'),
	(193, 28, 'iphone_2_3.webp', '2024-01-07 04:46:59', '2024-01-07 11:21:17'),
	(194, 28, 'iphone_2_4.webp', '2024-01-07 04:46:59', '2024-01-07 11:21:19'),
	(195, 28, 'iphone_2_5.webp', '2024-01-07 04:46:59', '2024-01-07 11:21:21'),
	(196, 28, 'iphone_2_6.webp', '2024-01-07 04:46:59', '2024-01-07 11:21:24'),
	(197, 28, 'iphone_2_7.webp', '2024-01-07 04:46:59', '2024-01-07 11:21:26'),
	(198, 28, 'iphone_2_8.webp', '2024-01-07 04:46:59', '2024-01-07 11:21:27'),
	(199, 29, 'iphone_2_9.webp', '2024-01-07 04:46:59', '2024-01-07 11:21:30'),
	(200, 29, 'iphone_2_10.webp', '2024-01-07 04:46:59', '2024-01-07 11:21:32'),
	(201, 29, 'iphone_2_11.webp', '2024-01-07 04:46:59', '2024-01-07 11:21:34'),
	(202, 29, 'iphone_2_12.webp', '2024-01-07 04:46:59', '2024-01-07 11:21:37'),
	(203, 29, 'iphone_2_13.webp', '2024-01-07 04:46:59', '2024-01-07 11:21:39'),
	(204, 29, 'iphone_2_14.webp', '2024-01-07 04:46:59', '2024-01-07 11:22:43'),
	(205, 30, 'iphone_2_15.webp', '2024-01-07 04:46:59', '2024-01-07 11:22:50'),
	(206, 30, 'iphone_2_16.webp', '2024-01-07 04:46:59', '2024-01-07 11:22:52'),
	(207, 30, 'iphone_2_17.webp', '2024-01-07 04:46:59', '2024-01-07 11:22:54'),
	(208, 30, 'iphone_2_18.webp', '2024-01-07 04:46:59', '2024-01-07 11:22:58'),
	(209, 30, 'iphone_2_19.webp', '2024-01-07 04:46:59', '2024-01-07 11:23:00'),
	(210, 30, 'iphone_2_20.webp', '2024-01-07 04:46:59', '2024-01-07 11:23:02'),
	(211, 30, 'iphone_2_21.webp', '2024-01-07 04:46:59', '2024-01-07 11:23:03'),
	(212, 31, 'iphone_2_22.webp', '2024-01-07 04:46:59', '2024-01-07 11:23:10'),
	(213, 31, 'iphone_2_23.webp', '2024-01-07 04:46:59', '2024-01-07 11:23:15'),
	(214, 31, 'iphone_2_24.webp', '2024-01-07 04:46:59', '2024-01-07 11:23:17'),
	(215, 31, 'iphone_2_25.webp', '2024-01-07 04:46:59', '2024-01-07 11:23:19'),
	(216, 31, 'iphone_2_26.webp', '2024-01-07 04:46:59', '2024-01-07 11:23:21'),
	(217, 31, 'iphone_2_27.webp', '2024-01-07 04:46:59', '2024-01-07 11:23:23'),
	(218, 31, 'iphone_2_28.webp', '2024-01-07 04:46:59', '2024-01-07 11:23:25'),
	(219, 32, 'iphone_2_29.webp', '2024-01-07 04:46:59', '2024-01-07 11:23:27'),
	(220, 32, 'iphone_2_30.webp', '2024-01-07 04:46:59', '2024-01-07 11:23:29'),
	(221, 32, 'iphone_2_31.webp', '2024-01-07 04:46:59', '2024-01-07 11:23:30'),
	(222, 32, 'iphone_2_32.webp', '2024-01-07 04:46:59', '2024-01-07 11:23:32'),
	(223, 32, 'iphone_2_33.webp', '2024-01-07 04:46:59', '2024-01-07 11:23:33'),
	(224, 32, 'iphone_2_34.webp', '2024-01-07 04:46:59', '2024-01-07 11:23:35'),
	(225, 32, 'iphone_2_35.webp', '2024-01-07 04:46:59', '2024-01-07 11:23:36'),
	(226, 32, 'iphone_2_36.webp', '2024-01-07 04:46:59', '2024-01-07 11:23:38'),
	(227, 33, 'iphone_2_37.webp', '2024-01-07 04:46:59', '2024-01-07 11:23:39'),
	(228, 33, 'iphone_2_38.webp', '2024-01-07 04:46:59', '2024-01-07 11:23:41'),
	(229, 33, 'iphone_2_39.webp', '2024-01-07 04:46:59', '2024-01-07 11:23:44'),
	(230, 33, 'iphone_2_40.webp', '2024-01-07 04:46:59', '2024-01-07 11:23:45'),
	(231, 33, 'iphone_2_41.webp', '2024-01-07 04:46:59', '2024-01-07 11:23:47'),
	(232, 33, 'iphone_2_42.webp', '2024-01-07 04:46:59', '2024-01-07 11:23:48'),
	(233, 34, 'iphone_2_43.webp', '2024-01-07 04:46:59', '2024-01-07 11:23:50'),
	(234, 34, 'iphone_2_44.webp', '2024-01-07 04:46:59', '2024-01-07 11:23:52'),
	(235, 34, 'iphone_2_45.webp', '2024-01-07 04:46:59', '2024-01-07 11:23:53'),
	(236, 34, 'iphone_2_46.webp', '2024-01-07 04:46:59', '2024-01-07 11:23:54'),
	(237, 34, 'iphone_2_47.webp', '2024-01-07 04:46:59', '2024-01-07 11:23:55'),
	(238, 34, 'iphone_2_48.webp', '2024-01-07 04:46:59', '2024-01-07 11:23:57'),
	(239, 34, 'iphone_2_49.webp', '2024-01-07 04:46:59', '2024-01-07 11:24:00'),
	(240, 34, 'iphone_2_50.webp', '2024-01-07 04:46:59', '2024-01-07 11:24:01'),
	(241, 35, 'iphone_2_51.webp', '2024-01-07 04:46:59', '2024-01-07 11:24:04'),
	(242, 35, 'iphone_2_1.webp', '2024-01-07 04:46:59', '2024-01-07 11:24:05'),
	(243, 35, 'iphone_2_2.webp', '2024-01-07 04:46:59', '2024-01-07 11:24:08'),
	(244, 35, 'iphone_2_3.webp', '2024-01-07 04:46:59', '2024-01-07 11:24:10'),
	(245, 35, 'iphone_2_4.webp', '2024-01-07 04:46:59', '2024-01-07 11:24:13'),
	(246, 35, 'iphone_2_5.webp', '2024-01-07 04:46:59', '2024-01-07 11:24:14'),
	(247, 36, 'iphone_2_6.webp', '2024-01-07 04:46:59', '2024-01-07 11:24:17'),
	(248, 36, 'iphone_2_7.webp', '2024-01-07 04:46:59', '2024-01-07 11:24:18'),
	(249, 36, 'iphone_2_8.webp', '2024-01-07 04:46:59', '2024-01-07 11:24:19'),
	(250, 36, 'iphone_2_9.webp', '2024-01-07 04:46:59', '2024-01-07 11:24:20'),
	(251, 36, 'iphone_2_10.webp', '2024-01-07 04:46:59', '2024-01-07 11:24:23'),
	(252, 36, 'iphone_2_11.webp', '2024-01-07 04:46:59', '2024-01-07 11:24:24'),
	(253, 36, 'iphone_2_12.webp', '2024-01-07 04:46:59', '2024-01-07 11:24:25'),
	(254, 36, 'iphone_2_13.webp', '2024-01-07 04:46:59', '2024-01-07 11:24:27'),
	(255, 37, 'iphone_2_14.webp', '2024-01-07 04:46:59', '2024-01-07 11:25:43'),
	(256, 37, 'iphone_2_15.webp', '2024-01-07 04:46:59', '2024-01-07 11:25:43'),
	(257, 37, 'iphone_2_16.webp', '2024-01-07 04:46:59', '2024-01-07 11:25:43'),
	(258, 37, 'iphone_2_17.webp', '2024-01-07 04:46:59', '2024-01-07 11:25:43'),
	(259, 37, 'iphone_2_18.webp', '2024-01-07 04:46:59', '2024-01-07 11:25:43'),
	(260, 37, 'iphone_2_19.webp', '2024-01-07 04:46:59', '2024-01-07 11:26:23'),
	(261, 38, 'iphone_2_20.webp', '2024-01-07 04:46:59', '2024-01-07 11:26:23'),
	(262, 38, 'iphone_2_21.webp', '2024-01-07 04:46:59', '2024-01-07 11:26:23'),
	(263, 38, 'iphone_2_22.webp', '2024-01-07 04:46:59', '2024-01-07 11:26:23'),
	(264, 38, 'iphone_2_23.webp', '2024-01-07 04:46:59', '2024-01-07 11:26:23'),
	(265, 38, 'iphone_2_24.webp', '2024-01-07 04:46:59', '2024-01-07 11:26:23'),
	(266, 38, 'iphone_2_25.webp', '2024-01-07 04:46:59', '2024-01-07 11:26:23'),
	(267, 39, 'iphone_2_26.webp', '2024-01-07 04:46:59', '2024-01-07 11:26:23'),
	(268, 39, 'iphone_2_27.webp', '2024-01-07 04:46:59', '2024-01-07 11:26:23'),
	(269, 39, 'iphone_2_28.webp', '2024-01-07 04:46:59', '2024-01-07 11:26:23'),
	(270, 39, 'iphone_2_29.webp', '2024-01-07 04:46:59', '2024-01-07 11:26:23'),
	(271, 39, 'iphone_2_30.webp', '2024-01-07 04:46:59', '2024-01-07 11:26:23'),
	(272, 39, 'iphone_2_31.webp', '2024-01-07 04:46:59', '2024-01-07 11:26:23'),
	(273, 40, 'iphone_2_32.webp', '2024-01-07 04:46:59', '2024-01-07 11:26:23'),
	(274, 40, 'iphone_2_33.webp', '2024-01-07 04:46:59', '2024-01-07 11:26:23'),
	(275, 40, 'iphone_2_34.webp', '2024-01-07 04:46:59', '2024-01-07 11:26:23'),
	(276, 40, 'iphone_2_35.webp', '2024-01-07 04:46:59', '2024-01-07 11:26:23'),
	(277, 40, 'iphone_2_36.webp', '2024-01-07 04:46:59', '2024-01-07 11:26:23'),
	(278, 40, 'iphone_2_37.webp', '2024-01-07 04:46:59', '2024-01-07 11:26:23'),
	(279, 41, 'loa_2_1.webp', '2024-01-07 04:46:59', '2024-01-07 11:40:44'),
	(280, 41, 'loa_2_2.webp', '2024-01-07 04:46:59', '2024-01-07 11:41:06'),
	(281, 41, 'loa_2_3.webp', '2024-01-07 04:46:59', '2024-01-07 11:41:10'),
	(282, 41, 'loa_2_4.webp', '2024-01-07 04:46:59', '2024-01-07 11:41:14'),
	(283, 41, 'loa_2_5.webp', '2024-01-07 04:46:59', '2024-01-07 11:41:18'),
	(284, 42, 'loa_2_6.webp', '2024-01-07 04:46:59', '2024-01-07 11:41:18'),
	(285, 42, 'loa_2_7.webp', '2024-01-07 04:46:59', '2024-01-07 11:41:43'),
	(286, 42, 'loa_2_8.webp', '2024-01-07 04:46:59', '2024-01-07 11:41:46'),
	(287, 42, 'loa_2_9.webp', '2024-01-07 04:46:59', '2024-01-07 11:41:50'),
	(288, 42, 'loa_2_10.webp', '2024-01-07 04:46:59', '2024-01-07 11:41:55'),
	(289, 43, 'loa_2_11.webp', '2024-01-07 04:46:59', '2024-01-07 11:42:10'),
	(290, 43, 'loa_2_12.webp', '2024-01-07 04:46:59', '2024-01-07 11:42:15'),
	(291, 43, 'loa_2_1.webp', '2024-01-07 04:46:59', '2024-01-07 11:42:15'),
	(292, 43, 'loa_2_2.webp', '2024-01-07 04:46:59', '2024-01-07 11:42:35'),
	(293, 43, 'loa_2_3.webp', '2024-01-07 04:46:59', '2024-01-07 11:42:37'),
	(294, 43, 'loa_2_4.webp', '2024-01-07 04:46:59', '2024-01-07 11:42:40'),
	(295, 44, 'loa_2_5.webp', '2024-01-07 04:46:59', '2024-01-07 11:42:40'),
	(296, 44, 'loa_2_6.webp', '2024-01-07 04:46:59', '2024-01-07 11:42:40'),
	(297, 44, 'loa_2_7.webp', '2024-01-07 04:46:59', '2024-01-07 11:42:40'),
	(298, 44, 'loa_2_8.webp', '2024-01-07 04:46:59', '2024-01-07 11:42:40'),
	(299, 44, 'loa_2_9.webp', '2024-01-07 04:46:59', '2024-01-07 11:42:40'),
	(300, 44, 'loa_2_10.webp', '2024-01-07 04:46:59', '2024-01-07 11:42:40'),
	(301, 45, 'loa_2_1.webp', '2024-01-07 04:46:59', '2024-01-07 11:44:45'),
	(302, 45, 'loa_2_2.webp', '2024-01-07 04:46:59', '2024-01-07 11:44:47'),
	(303, 45, 'loa_2_3.webp', '2024-01-07 04:46:59', '2024-01-07 11:44:48'),
	(304, 45, 'loa_2_4.webp', '2024-01-07 04:46:59', '2024-01-07 11:44:49'),
	(305, 45, 'loa_2_5.webp', '2024-01-07 04:46:59', '2024-01-07 11:44:50'),
	(306, 46, 'loa_2_6.webp', '2024-01-07 04:46:59', '2024-01-07 11:44:51'),
	(307, 46, 'loa_2_7.webp', '2024-01-07 04:46:59', '2024-01-07 11:44:52'),
	(308, 46, 'loa_2_8.webp', '2024-01-07 04:46:59', '2024-01-07 11:44:53'),
	(309, 46, 'loa_2_9.webp', '2024-01-07 04:46:59', '2024-01-07 11:44:54'),
	(310, 46, 'loa_2_10.webp', '2024-01-07 04:46:59', '2024-01-07 11:44:56'),
	(311, 47, 'loa_2_11.webp', '2024-01-07 04:46:59', '2024-01-07 11:44:57'),
	(312, 47, 'loa_2_12.webp', '2024-01-07 04:46:59', '2024-01-07 11:44:59'),
	(313, 47, 'loa_2_1.webp', '2024-01-07 04:46:59', '2024-01-07 11:45:02'),
	(314, 47, 'loa_2_2.webp', '2024-01-07 04:46:59', '2024-01-07 11:45:03'),
	(315, 47, 'loa_2_3.webp', '2024-01-07 04:46:59', '2024-01-07 11:45:04'),
	(316, 47, 'loa_2_4.webp', '2024-01-07 04:46:59', '2024-01-07 11:45:05'),
	(317, 48, 'loa_2_5.webp', '2024-01-07 04:46:59', '2024-01-07 11:45:07'),
	(318, 48, 'loa_2_6.webp', '2024-01-07 04:46:59', '2024-01-07 11:45:08'),
	(319, 48, 'loa_2_7.webp', '2024-01-07 04:46:59', '2024-01-07 11:45:09'),
	(320, 48, 'loa_2_8.webp', '2024-01-07 04:46:59', '2024-01-07 11:45:10'),
	(321, 48, 'loa_2_9.webp', '2024-01-07 04:46:59', '2024-01-07 11:45:11'),
	(322, 48, 'loa_2_10.webp', '2024-01-07 04:46:59', '2024-01-07 11:45:13'),
	(323, 49, 'loa_2_11.webp', '2024-01-07 04:46:59', '2024-01-07 11:45:34'),
	(324, 49, 'loa_2_12.webp', '2024-01-07 04:46:59', '2024-01-07 11:45:34'),
	(325, 49, 'loa_2_1.webp', '2024-01-07 04:46:59', '2024-01-07 11:45:34'),
	(326, 49, 'loa_2_2.webp', '2024-01-07 04:46:59', '2024-01-07 11:45:34'),
	(327, 49, 'loa_2_3.webp', '2024-01-07 04:46:59', '2024-01-07 11:45:34'),
	(328, 49, 'loa_2_4.webp', '2024-01-07 04:46:59', '2024-01-07 11:46:18'),
	(329, 50, 'loa_2_5.webp', '2024-01-07 04:46:59', '2024-01-07 11:46:23'),
	(330, 50, 'loa_2_6.webp', '2024-01-07 04:46:59', '2024-01-07 11:46:23'),
	(331, 50, 'loa_2_7.webp', '2024-01-07 04:46:59', '2024-01-07 11:46:23'),
	(332, 50, 'loa_2_8.webp', '2024-01-07 04:46:59', '2024-01-07 11:46:23'),
	(333, 50, 'loa_2_9.webp', '2024-01-07 04:46:59', '2024-01-07 11:46:23'),
	(334, 50, 'loa_2_10.webp', '2024-01-07 04:46:59', '2024-01-07 11:46:23'),
	(335, 51, 'loa_2_1.webp', '2024-01-07 04:46:59', '2024-01-07 11:49:17'),
	(336, 51, 'loa_2_2.webp', '2024-01-07 04:46:59', '2024-01-07 11:49:20'),
	(337, 51, 'loa_2_3.webp', '2024-01-07 04:46:59', '2024-01-07 11:49:21'),
	(338, 51, 'loa_2_4.webp', '2024-01-07 04:46:59', '2024-01-07 11:49:22'),
	(339, 51, 'loa_2_5.webp', '2024-01-07 04:46:59', '2024-01-07 11:49:23'),
	(340, 52, 'loa_2_6.webp', '2024-01-07 04:46:59', '2024-01-07 11:49:25'),
	(341, 52, 'loa_2_7.webp', '2024-01-07 04:46:59', '2024-01-07 11:49:26'),
	(342, 52, 'loa_2_8.webp', '2024-01-07 04:46:59', '2024-01-07 11:49:27'),
	(343, 52, 'loa_2_9.webp', '2024-01-07 04:46:59', '2024-01-07 11:49:28'),
	(344, 52, 'loa_2_10.webp', '2024-01-07 04:46:59', '2024-01-07 11:49:29'),
	(345, 53, 'loa_2_11.webp', '2024-01-07 04:46:59', '2024-01-07 11:49:31'),
	(346, 53, 'loa_2_12.webp', '2024-01-07 04:46:59', '2024-01-07 11:49:32'),
	(347, 53, 'loa_2_1.webp', '2024-01-07 04:46:59', '2024-01-07 11:49:33'),
	(348, 53, 'loa_2_2.webp', '2024-01-07 04:46:59', '2024-01-07 11:49:34'),
	(349, 53, 'loa_2_3.webp', '2024-01-07 04:46:59', '2024-01-07 11:49:35'),
	(350, 53, 'loa_2_4.webp', '2024-01-07 04:46:59', '2024-01-07 11:49:36'),
	(351, 54, 'loa_2_5.webp', '2024-01-07 04:46:59', '2024-01-07 11:49:39'),
	(352, 54, 'loa_2_6.webp', '2024-01-07 04:46:59', '2024-01-07 11:49:40'),
	(353, 54, 'loa_2_7.webp', '2024-01-07 04:46:59', '2024-01-07 11:49:42'),
	(354, 54, 'loa_2_8.webp', '2024-01-07 04:46:59', '2024-01-07 11:49:43'),
	(355, 54, 'loa_2_9.webp', '2024-01-07 04:46:59', '2024-01-07 11:49:44'),
	(356, 54, 'loa_2_10.webp', '2024-01-07 04:46:59', '2024-01-07 11:49:45'),
	(357, 55, 'loa_2_1.webp', '2024-01-07 04:46:59', '2024-01-07 11:49:49'),
	(358, 55, 'loa_2_2.webp', '2024-01-07 04:46:59', '2024-01-07 11:49:51'),
	(359, 55, 'loa_2_3.webp', '2024-01-07 04:46:59', '2024-01-07 11:49:52'),
	(360, 55, 'loa_2_4.webp', '2024-01-07 04:46:59', '2024-01-07 11:49:53'),
	(361, 55, 'loa_2_5.webp', '2024-01-07 04:46:59', '2024-01-07 11:49:54'),
	(362, 56, 'loa_2_6.webp', '2024-01-07 04:46:59', '2024-01-07 11:49:56'),
	(363, 56, 'loa_2_7.webp', '2024-01-07 04:46:59', '2024-01-07 11:49:57'),
	(364, 56, 'loa_2_6.webp', '2024-01-07 04:46:59', '2024-01-07 11:49:58'),
	(365, 56, 'loa_2_10.webp', '2024-01-07 04:46:59', '2024-01-07 11:49:59'),
	(366, 57, 'loa_2_11.webp', '2024-01-07 04:46:59', '2024-01-07 11:50:02'),
	(367, 57, 'loa_2_12.webp', '2024-01-07 04:46:59', '2024-01-07 11:50:04'),
	(368, 57, 'loa_2_1.webp', '2024-01-07 04:46:59', '2024-01-07 11:50:05'),
	(369, 57, 'loa_2_2.webp', '2024-01-07 04:46:59', '2024-01-07 11:50:06'),
	(370, 57, 'loa_2_3.webp', '2024-01-07 04:46:59', '2024-01-07 11:50:07'),
	(371, 57, 'loa_2_4.webp', '2024-01-07 04:46:59', '2024-01-07 11:50:09'),
	(372, 58, 'loa_2_5.webp', '2024-01-07 04:46:59', '2024-01-07 11:50:11'),
	(373, 58, 'loa_2_6.webp', '2024-01-07 04:46:59', '2024-01-07 11:50:12'),
	(374, 58, 'loa_2_7.webp', '2024-01-07 04:46:59', '2024-01-07 11:50:13'),
	(375, 58, 'loa_2_8.webp', '2024-01-07 04:46:59', '2024-01-07 11:50:14'),
	(376, 58, 'loa_2_9.webp', '2024-01-07 04:46:59', '2024-01-07 11:50:15'),
	(377, 58, 'loa_2_10.webp', '2024-01-07 04:46:59', '2024-01-07 11:50:18'),
	(378, 59, 'loa_2_11.webp', '2024-01-07 04:46:59', '2024-01-07 11:50:22'),
	(379, 59, 'loa_2_12.webp', '2024-01-07 04:46:59', '2024-01-07 11:50:24'),
	(380, 59, 'loa_2_1.webp', '2024-01-07 04:46:59', '2024-01-07 11:50:28'),
	(381, 59, 'loa_2_2.webp', '2024-01-07 04:46:59', '2024-01-07 11:50:29'),
	(382, 59, 'loa_2_3.webp', '2024-01-07 04:46:59', '2024-01-07 11:50:30'),
	(383, 59, 'loa_2_4.webp', '2024-01-07 04:46:59', '2024-01-07 11:50:31'),
	(384, 60, 'loa_2_5.webp', '2024-01-07 04:46:59', '2024-01-07 11:50:34'),
	(385, 60, 'loa_2_6.webp', '2024-01-07 04:46:59', '2024-01-07 11:50:35'),
	(386, 60, 'loa_2_7.webp', '2024-01-07 04:46:59', '2024-01-07 11:50:35'),
	(387, 60, 'loa_2_8.webp', '2024-01-07 04:46:59', '2024-01-07 11:50:37'),
	(388, 60, 'loa_2_9.webp', '2024-01-07 04:46:59', '2024-01-07 11:50:37'),
	(389, 60, 'loa_2_10.webp', '2024-01-07 04:46:59', '2024-01-07 11:50:39'),
	(390, 61, 'op_1.webp', '2024-01-07 04:46:59', '2024-01-07 12:14:28'),
	(391, 61, 'op_2.webp', '2024-01-07 04:46:59', '2024-01-07 12:14:29'),
	(392, 61, 'op_3.webp', '2024-01-07 04:46:59', '2024-01-07 12:14:31'),
	(393, 61, 'op_4.webp', '2024-01-07 04:46:59', '2024-01-07 12:14:33'),
	(394, 61, 'op_5.webp', '2024-01-07 04:46:59', '2024-01-07 12:14:35'),
	(395, 62, 'op_6.webp', '2024-01-07 04:46:59', '2024-01-07 12:14:37'),
	(396, 62, 'op_7.webp', '2024-01-07 04:46:59', '2024-01-07 12:14:39'),
	(397, 62, 'op_8.webp', '2024-01-07 04:46:59', '2024-01-07 12:14:41'),
	(398, 62, 'op_9.webp', '2024-01-07 04:46:59', '2024-01-07 12:14:43'),
	(399, 62, 'op_10.webp', '2024-01-07 04:46:59', '2024-01-07 12:14:45'),
	(400, 63, 'op_11.webp', '2024-01-07 04:46:59', '2024-01-07 12:16:51'),
	(401, 63, 'op_12.webp', '2024-01-07 04:46:59', '2024-01-07 12:16:53'),
	(402, 63, 'op_13.webp', '2024-01-07 04:46:59', '2024-01-07 12:16:55'),
	(403, 63, 'op_14.webp', '2024-01-07 04:46:59', '2024-01-07 12:16:57'),
	(404, 63, 'op_15.webp', '2024-01-07 04:46:59', '2024-01-07 12:16:58'),
	(405, 64, 'op_16.webp', '2024-01-07 04:46:59', '2024-01-07 12:17:00'),
	(406, 64, 'op_17.webp', '2024-01-07 04:46:59', '2024-01-07 12:17:02'),
	(407, 64, 'op_18.webp', '2024-01-07 04:46:59', '2024-01-07 12:17:05'),
	(408, 64, 'op_19.webp', '2024-01-07 04:46:59', '2024-01-07 12:17:07'),
	(409, 64, 'op_20.webp', '2024-01-07 04:46:59', '2024-01-07 12:17:16'),
	(410, 65, 'op_1.webp', '2024-01-07 04:46:59', '2024-01-07 12:15:02'),
	(411, 65, 'op_2.webp', '2024-01-07 04:46:59', '2024-01-07 12:15:06'),
	(412, 65, 'op_3.webp', '2024-01-07 04:46:59', '2024-01-07 12:15:07'),
	(413, 65, 'op_4.webp', '2024-01-07 04:46:59', '2024-01-07 12:15:08'),
	(414, 65, 'op_5.webp', '2024-01-07 04:46:59', '2024-01-07 12:15:09'),
	(415, 66, 'op_6.webp', '2024-01-07 04:46:59', '2024-01-07 12:15:11'),
	(416, 66, 'op_7.webp', '2024-01-07 04:46:59', '2024-01-07 12:15:12'),
	(417, 66, 'op_8.webp', '2024-01-07 04:46:59', '2024-01-07 12:15:13'),
	(418, 66, 'op_9.webp', '2024-01-07 04:46:59', '2024-01-07 12:15:14'),
	(419, 66, 'op_10.webp', '2024-01-07 04:46:59', '2024-01-07 12:15:16'),
	(420, 67, 'op_11.webp', '2024-01-07 04:46:59', '2024-01-07 12:17:27'),
	(421, 67, 'op_12.webp', '2024-01-07 04:46:59', '2024-01-07 12:17:29'),
	(422, 67, 'op_13.webp', '2024-01-07 04:46:59', '2024-01-07 12:17:31'),
	(423, 67, 'op_14.webp', '2024-01-07 04:46:59', '2024-01-07 12:17:33'),
	(424, 67, 'op_15.webp', '2024-01-07 04:46:59', '2024-01-07 12:17:35'),
	(425, 68, 'op_16.webp', '2024-01-07 04:46:59', '2024-01-07 12:17:37'),
	(426, 68, 'op_17.webp', '2024-01-07 04:46:59', '2024-01-07 12:17:38'),
	(427, 68, 'op_18.webp', '2024-01-07 04:46:59', '2024-01-07 12:17:40'),
	(428, 68, 'op_19.webp', '2024-01-07 04:46:59', '2024-01-07 12:17:41'),
	(429, 68, 'op_20.webp', '2024-01-07 04:46:59', '2024-01-07 12:17:44'),
	(430, 69, 'op_1.webp', '2024-01-07 04:46:59', '2024-01-07 12:16:12'),
	(431, 69, 'op_2.webp', '2024-01-07 04:46:59', '2024-01-07 12:16:14'),
	(432, 69, 'op_3.webp', '2024-01-07 04:46:59', '2024-01-07 12:16:15'),
	(433, 69, 'op_4.webp', '2024-01-07 04:46:59', '2024-01-07 12:16:16'),
	(434, 69, 'op_5.webp', '2024-01-07 04:46:59', '2024-01-07 12:16:17'),
	(435, 70, 'op_6.webp', '2024-01-07 04:46:59', '2024-01-07 12:16:19'),
	(436, 70, 'op_7.webp', '2024-01-07 04:46:59', '2024-01-07 12:16:20'),
	(437, 70, 'op_8.webp', '2024-01-07 04:46:59', '2024-01-07 12:16:21'),
	(438, 70, 'op_9.webp', '2024-01-07 04:46:59', '2024-01-07 12:16:22'),
	(439, 70, 'op_10.webp', '2024-01-07 04:46:59', '2024-01-07 12:16:23'),
	(440, 71, 'op_11.webp', '2024-01-07 04:46:59', '2024-01-07 12:18:23'),
	(441, 71, 'op_12.webp', '2024-01-07 04:46:59', '2024-01-07 12:18:25'),
	(442, 71, 'op_13.webp', '2024-01-07 04:46:59', '2024-01-07 12:18:28'),
	(443, 71, 'op_14.webp', '2024-01-07 04:46:59', '2024-01-07 12:18:29'),
	(444, 71, 'op_15.webp', '2024-01-07 04:46:59', '2024-01-07 12:18:31'),
	(445, 72, 'op_16.webp', '2024-01-07 04:46:59', '2024-01-07 12:18:33'),
	(446, 72, 'op_17.webp', '2024-01-07 04:46:59', '2024-01-07 12:18:35'),
	(447, 72, 'op_18.webp', '2024-01-07 04:46:59', '2024-01-07 12:18:40'),
	(448, 72, 'op_19.webp', '2024-01-07 04:46:59', '2024-01-07 12:18:42'),
	(449, 72, 'op_20.webp', '2024-01-07 04:46:59', '2024-01-07 12:18:43'),
	(450, 73, 'op_1.webp', '2024-01-07 04:46:59', '2024-01-07 12:19:33'),
	(451, 73, 'op_2.webp', '2024-01-07 04:46:59', '2024-01-07 12:19:35'),
	(452, 73, 'op_3.webp', '2024-01-07 04:46:59', '2024-01-07 12:19:37'),
	(453, 73, 'op_4.webp', '2024-01-07 04:46:59', '2024-01-07 12:19:39'),
	(454, 73, 'op_5.webp', '2024-01-07 04:46:59', '2024-01-07 12:19:46'),
	(455, 74, 'op_6.webp', '2024-01-07 04:46:59', '2024-01-07 12:19:48'),
	(456, 74, 'op_7.webp', '2024-01-07 04:46:59', '2024-01-07 12:19:52'),
	(457, 74, 'op_8.webp', '2024-01-07 04:46:59', '2024-01-07 12:19:53'),
	(458, 74, 'op_9.webp', '2024-01-07 04:46:59', '2024-01-07 12:19:54'),
	(459, 74, 'op_10.webp', '2024-01-07 04:46:59', '2024-01-07 12:19:55'),
	(460, 75, 'op_11.webp', '2024-01-07 04:46:59', '2024-01-07 12:19:58'),
	(461, 75, 'op_12.webp', '2024-01-07 04:46:59', '2024-01-07 12:19:59'),
	(462, 75, 'op_13.webp', '2024-01-07 04:46:59', '2024-01-07 12:20:00'),
	(463, 75, 'op_14.webp', '2024-01-07 04:46:59', '2024-01-07 12:20:01'),
	(464, 75, 'op_15.webp', '2024-01-07 04:46:59', '2024-01-07 12:20:02'),
	(465, 76, 'op_16.webp', '2024-01-07 04:46:59', '2024-01-07 12:20:05'),
	(466, 76, 'op_17.webp', '2024-01-07 04:46:59', '2024-01-07 12:20:06'),
	(467, 76, 'op_18.webp', '2024-01-07 04:46:59', '2024-01-07 12:20:08'),
	(468, 76, 'op_19.webp', '2024-01-07 04:46:59', '2024-01-07 12:20:09'),
	(469, 76, 'op_20.webp', '2024-01-07 04:46:59', '2024-01-07 12:20:13'),
	(470, 77, 'op_1.webp', '2024-01-07 04:46:59', '2024-01-07 12:21:11'),
	(471, 77, 'op_2.webp', '2024-01-07 04:46:59', '2024-01-07 12:21:13'),
	(472, 77, 'op_3.webp', '2024-01-07 04:46:59', '2024-01-07 12:21:14'),
	(473, 77, 'op_4.webp', '2024-01-07 04:46:59', '2024-01-07 12:21:15'),
	(474, 77, 'op_5.webp', '2024-01-07 04:46:59', '2024-01-07 12:21:16'),
	(475, 78, 'op_6.webp', '2024-01-07 04:46:59', '2024-01-07 12:21:18'),
	(476, 78, 'op_7.webp', '2024-01-07 04:46:59', '2024-01-07 12:21:19'),
	(477, 78, 'op_8.webp', '2024-01-07 04:46:59', '2024-01-07 12:21:20'),
	(478, 78, 'op_9.webp', '2024-01-07 04:46:59', '2024-01-07 12:21:21'),
	(479, 78, 'op_10.webp', '2024-01-07 04:46:59', '2024-01-07 12:21:21'),
	(480, 79, 'op_11.webp', '2024-01-07 04:46:59', '2024-01-07 12:21:23'),
	(481, 79, 'op_12.webp', '2024-01-07 04:46:59', '2024-01-07 12:21:24'),
	(482, 79, 'op_13.webp', '2024-01-07 04:46:59', '2024-01-07 12:21:25'),
	(483, 79, 'op_14.webp', '2024-01-07 04:46:59', '2024-01-07 12:21:25'),
	(484, 79, 'op_15.webp', '2024-01-07 04:46:59', '2024-01-07 12:21:26'),
	(485, 80, 'op_16.webp', '2024-01-07 04:46:59', '2024-01-07 12:21:29'),
	(486, 80, 'op_17.webp', '2024-01-07 04:46:59', '2024-01-07 12:21:30'),
	(487, 80, 'op_18.webp', '2024-01-07 04:46:59', '2024-01-07 12:21:30'),
	(488, 80, 'op_19.webp', '2024-01-07 04:46:59', '2024-01-07 12:21:31'),
	(489, 80, 'op_20.webp', '2024-01-07 04:46:59', '2024-01-07 12:21:32');
/*!40000 ALTER TABLE `product_images` ENABLE KEYS */;

-- Dumping structure for table shop.product_sale
CREATE TABLE IF NOT EXISTS `product_sale` (
  `id` int NOT NULL AUTO_INCREMENT,
  `time_sale` date DEFAULT NULL,
  `product_id` int DEFAULT '0',
  `active` tinyint DEFAULT '0',
  `created_at` timestamp NULL DEFAULT NULL,
  `updated_at` timestamp NULL DEFAULT NULL ON UPDATE CURRENT_TIMESTAMP,
  PRIMARY KEY (`id`),
  KEY `product_id` (`product_id`)
) ENGINE=MyISAM AUTO_INCREMENT=13 DEFAULT CHARSET=utf8mb4 COLLATE=utf8mb4_0900_ai_ci;

-- Dumping data for table shop.product_sale: 12 rows
DELETE FROM `product_sale`;
/*!40000 ALTER TABLE `product_sale` DISABLE KEYS */;
INSERT INTO `product_sale` (`id`, `time_sale`, `product_id`, `active`, `created_at`, `updated_at`) VALUES
	(1, '2024-01-12', 23, 1, '2024-01-07 11:32:25', '2024-01-07 11:33:21'),
	(2, '2024-01-12', 30, 1, '2024-01-07 11:32:25', '2024-01-07 11:33:21'),
	(3, '2024-01-12', 35, 1, '2024-01-07 11:32:25', '2024-01-07 11:33:21'),
	(4, '2024-01-12', 40, 1, '2024-01-07 11:32:25', '2024-01-07 11:33:21'),
	(5, '2024-01-12', 17, 1, '2024-01-07 11:32:25', '2024-01-07 11:33:21'),
	(6, '2024-01-12', 5, 1, '2024-01-07 11:32:25', '2024-01-07 11:33:21'),
	(7, '2024-01-12', 65, 1, '2024-01-07 11:32:25', '2024-01-07 11:33:21'),
	(8, '2024-01-12', 70, 1, '2024-01-07 11:32:25', '2024-01-07 11:33:21'),
	(9, '2024-01-12', 79, 1, '2024-01-07 11:32:25', '2024-01-07 11:33:21'),
	(10, '2024-01-12', 58, 1, '2024-01-07 11:32:25', '2024-01-07 11:33:21'),
	(11, '2024-01-12', 44, 1, '2024-01-07 11:32:25', '2024-01-07 11:33:21'),
	(12, '2024-01-12', 52, 1, '2024-01-07 11:32:25', '2024-01-07 11:33:21');
/*!40000 ALTER TABLE `product_sale` ENABLE KEYS */;

-- Dumping structure for table shop.shipping
CREATE TABLE IF NOT EXISTS `shipping` (
  `id` int NOT NULL AUTO_INCREMENT,
  `order_id` int NOT NULL DEFAULT '0',
  `shipping_date` date DEFAULT NULL,
  `estimated_delivery_date` date DEFAULT NULL,
  `shipping_status` tinyint DEFAULT '0',
  PRIMARY KEY (`id`)
) ENGINE=MyISAM DEFAULT CHARSET=utf8mb4 COLLATE=utf8mb4_0900_ai_ci;

-- Dumping data for table shop.shipping: 0 rows
DELETE FROM `shipping`;
/*!40000 ALTER TABLE `shipping` DISABLE KEYS */;
/*!40000 ALTER TABLE `shipping` ENABLE KEYS */;

-- Dumping structure for table shop.size
CREATE TABLE IF NOT EXISTS `size` (
  `id` int NOT NULL AUTO_INCREMENT,
  `name` varchar(255) CHARACTER SET utf8mb4 COLLATE utf8mb4_0900_ai_ci DEFAULT NULL,
  `created_at` timestamp NULL DEFAULT NULL,
  `updated_at` timestamp NULL DEFAULT NULL ON UPDATE CURRENT_TIMESTAMP,
  PRIMARY KEY (`id`)
) ENGINE=MyISAM AUTO_INCREMENT=13 DEFAULT CHARSET=utf8mb4 COLLATE=utf8mb4_0900_ai_ci;

-- Dumping data for table shop.size: 12 rows
DELETE FROM `size`;
/*!40000 ALTER TABLE `size` DISABLE KEYS */;
INSERT INTO `size` (`id`, `name`, `created_at`, `updated_at`) VALUES
	(1, 'No Size', '2023-12-18 14:34:11', '2024-01-07 07:05:00'),
	(2, '60x90mm', '2023-12-18 14:34:11', '2023-12-18 14:34:32'),
	(3, '90x120mm', '2023-12-18 14:34:11', '2023-12-18 14:34:38'),
	(4, '120x150mm', '2023-12-18 14:34:11', '2023-12-18 14:34:46'),
	(5, '20x40mm', '2023-12-18 14:34:11', '2023-12-18 14:34:57'),
	(6, '40x60mm', '2023-12-18 14:34:11', '2023-12-18 14:35:00'),
	(7, '60x80mm', '2023-12-18 14:34:11', '2023-12-18 14:35:06'),
	(8, '100x120mm', '2023-12-18 14:34:11', '2023-12-18 14:35:11'),
	(9, 'S', '2023-12-18 14:34:11', '2023-12-18 15:20:20'),
	(10, 'M', '2023-12-18 14:34:11', '2023-12-18 15:20:26'),
	(11, 'L', '2023-12-18 14:34:11', '2023-12-18 15:20:28'),
	(12, 'XL', '2023-12-18 14:34:11', '2023-12-18 15:20:32');
/*!40000 ALTER TABLE `size` ENABLE KEYS */;

-- Dumping structure for table shop.users
CREATE TABLE IF NOT EXISTS `users` (
  `id` int NOT NULL AUTO_INCREMENT,
  `username` varchar(255) DEFAULT NULL,
  `email` varchar(191) CHARACTER SET utf8mb4 COLLATE utf8mb4_0900_ai_ci DEFAULT NULL,
  `fullname` varchar(255) DEFAULT NULL,
  `password` varchar(255) DEFAULT NULL,
  `address` varchar(255) DEFAULT NULL,
  `phone` varchar(255) DEFAULT NULL,
  `token` varchar(255) DEFAULT NULL,
  `confirm_email` tinyint DEFAULT '0',
  `created_at` timestamp NULL DEFAULT NULL,
  `updated_at` timestamp NULL DEFAULT NULL ON UPDATE CURRENT_TIMESTAMP,
  PRIMARY KEY (`id`),
  KEY `username` (`username`(250)),
  KEY `email` (`email`)
) ENGINE=MyISAM AUTO_INCREMENT=3 DEFAULT CHARSET=utf8mb4 COLLATE=utf8mb4_0900_ai_ci;

-- Dumping data for table shop.users: 2 rows
DELETE FROM `users`;
/*!40000 ALTER TABLE `users` DISABLE KEYS */;
INSERT INTO `users` (`id`, `username`, `email`, `fullname`, `password`, `address`, `phone`, `token`, `confirm_email`, `created_at`, `updated_at`) VALUES
	(1, 'lehuyhieu', 'lehuyhieupro06182@gmail.com', 'Lê Huy Hiệu', '392aabdf08177c0e4b5423158679fb87', '50 Hiệp Bình Chánh, Tp Thủ Đức', '03862080003', NULL, 1, '2023-12-27 19:06:02', '2024-01-09 04:01:49'),
	(2, 'lehuyhieu123', 'lehuyhieu.dev.fontend@gmail.com', 'User', '392aabdf08177c0e4b5423158679fb87', NULL, NULL, NULL, 1, '2023-12-29 00:57:49', '2024-01-04 03:11:59');
/*!40000 ALTER TABLE `users` ENABLE KEYS */;

/*!40103 SET TIME_ZONE=IFNULL(@OLD_TIME_ZONE, 'system') */;
/*!40101 SET SQL_MODE=IFNULL(@OLD_SQL_MODE, '') */;
/*!40014 SET FOREIGN_KEY_CHECKS=IFNULL(@OLD_FOREIGN_KEY_CHECKS, 1) */;
/*!40101 SET CHARACTER_SET_CLIENT=@OLD_CHARACTER_SET_CLIENT */;
/*!40111 SET SQL_NOTES=IFNULL(@OLD_SQL_NOTES, 1) */;
